Year,Country,alpha_3,Region,Latitude,Longitude,Jahrestemperatur
1931,Switzerland,CHE,Basel-Binningen,47.53796,7.571110000000001,8.5
1932,Switzerland,CHE,Basel-Binningen,47.53796,7.571110000000001,8.9
1933,Switzerland,CHE,Basel-Binningen,47.53796,7.571110000000001,8.8
1934,Switzerland,CHE,Basel-Binningen,47.53796,7.571110000000001,9.9
1935,Switzerland,CHE,Basel-Binningen,47.53796,7.571110000000001,9.4
1936,Switzerland,CHE,Basel-Binningen,47.53796,7.571110000000001,9.5
1937,Switzerland,CHE,Basel-Binningen,47.53796,7.571110000000001,9.8
1938,Switzerland,CHE,Basel-Binningen,47.53796,7.571110000000001,9.3
1939,Switzerland,CHE,Basel-Binningen,47.53796,7.571110000000001,9.1
1940,Switzerland,CHE,Basel-Binningen,47.53796,7.571110000000001,8.2
1941,Switzerland,CHE,Basel-Binningen,47.53796,7.571110000000001,8.4
1942,Switzerland,CHE,Basel-Binningen,47.53796,7.571110000000001,8.8
1943,Switzerland,CHE,Basel-Binningen,47.53796,7.571110000000001,10.2
1944,Switzerland,CHE,Basel-Binningen,47.53796,7.571110000000001,9.3
1945,Switzerland,CHE,Basel-Binningen,47.53796,7.571110000000001,10.0
1946,Switzerland,CHE,Basel-Binningen,47.53796,7.571110000000001,9.5
1947,Switzerland,CHE,Basel-Binningen,47.53796,7.571110000000001,10.5
1948,Switzerland,CHE,Basel-Binningen,47.53796,7.571110000000001,9.9
1949,Switzerland,CHE,Basel-Binningen,47.53796,7.571110000000001,10.4
1950,Switzerland,CHE,Basel-Binningen,47.53796,7.571110000000001,10.0
1951,Switzerland,CHE,Basel-Binningen,47.53796,7.571110000000001,9.6
1952,Switzerland,CHE,Basel-Binningen,47.53796,7.571110000000001,9.7
1953,Switzerland,CHE,Basel-Binningen,47.53796,7.571110000000001,9.6
1954,Switzerland,CHE,Basel-Binningen,47.53796,7.571110000000001,9.0
1955,Switzerland,CHE,Basel-Binningen,47.53796,7.571110000000001,9.1
1956,Switzerland,CHE,Basel-Binningen,47.53796,7.571110000000001,7.9
1957,Switzerland,CHE,Basel-Binningen,47.53796,7.571110000000001,9.5
1958,Switzerland,CHE,Basel-Binningen,47.53796,7.571110000000001,9.6
1959,Switzerland,CHE,Basel-Binningen,47.53796,7.571110000000001,10.2
1960,Switzerland,CHE,Basel-Binningen,47.53796,7.571110000000001,9.6
1961,Switzerland,CHE,Basel-Binningen,47.53796,7.571110000000001,10.5
1962,Switzerland,CHE,Basel-Binningen,47.53796,7.571110000000001,8.6
1963,Switzerland,CHE,Basel-Binningen,47.53796,7.571110000000001,8.5
1964,Switzerland,CHE,Basel-Binningen,47.53796,7.571110000000001,9.8
1965,Switzerland,CHE,Basel-Binningen,47.53796,7.571110000000001,9.2
1966,Switzerland,CHE,Basel-Binningen,47.53796,7.571110000000001,9.9
1967,Switzerland,CHE,Basel-Binningen,47.53796,7.571110000000001,9.8
1968,Switzerland,CHE,Basel-Binningen,47.53796,7.571110000000001,9.3
1969,Switzerland,CHE,Basel-Binningen,47.53796,7.571110000000001,9.0
1970,Switzerland,CHE,Basel-Binningen,47.53796,7.571110000000001,9.2
1971,Switzerland,CHE,Basel-Binningen,47.53796,7.571110000000001,9.3
1972,Switzerland,CHE,Basel-Binningen,47.53796,7.571110000000001,8.9
1973,Switzerland,CHE,Basel-Binningen,47.53796,7.571110000000001,9.2
1974,Switzerland,CHE,Basel-Binningen,47.53796,7.571110000000001,10.0
1975,Switzerland,CHE,Basel-Binningen,47.53796,7.571110000000001,9.7
1976,Switzerland,CHE,Basel-Binningen,47.53796,7.571110000000001,10.0
1977,Switzerland,CHE,Basel-Binningen,47.53796,7.571110000000001,9.9
1978,Switzerland,CHE,Basel-Binningen,47.53796,7.571110000000001,9.0
1979,Switzerland,CHE,Basel-Binningen,47.53796,7.571110000000001,9.5
1980,Switzerland,CHE,Basel-Binningen,47.53796,7.571110000000001,8.9
1981,Switzerland,CHE,Basel-Binningen,47.53796,7.571110000000001,9.6
1982,Switzerland,CHE,Basel-Binningen,47.53796,7.571110000000001,10.3
1983,Switzerland,CHE,Basel-Binningen,47.53796,7.571110000000001,10.3
1984,Switzerland,CHE,Basel-Binningen,47.53796,7.571110000000001,9.5
1985,Switzerland,CHE,Basel-Binningen,47.53796,7.571110000000001,9.0
1986,Switzerland,CHE,Basel-Binningen,47.53796,7.571110000000001,9.4
1987,Switzerland,CHE,Basel-Binningen,47.53796,7.571110000000001,9.5
1988,Switzerland,CHE,Basel-Binningen,47.53796,7.571110000000001,10.5
1989,Switzerland,CHE,Basel-Binningen,47.53796,7.571110000000001,10.6
1990,Switzerland,CHE,Basel-Binningen,47.53796,7.571110000000001,10.9
1991,Switzerland,CHE,Basel-Binningen,47.53796,7.571110000000001,10.0
1992,Switzerland,CHE,Basel-Binningen,47.53796,7.571110000000001,10.7
1993,Switzerland,CHE,Basel-Binningen,47.53796,7.571110000000001,10.2
1994,Switzerland,CHE,Basel-Binningen,47.53796,7.571110000000001,11.5
1995,Switzerland,CHE,Basel-Binningen,47.53796,7.571110000000001,10.5
1996,Switzerland,CHE,Basel-Binningen,47.53796,7.571110000000001,9.4
1997,Switzerland,CHE,Basel-Binningen,47.53796,7.571110000000001,10.6
1998,Switzerland,CHE,Basel-Binningen,47.53796,7.571110000000001,10.6
1999,Switzerland,CHE,Basel-Binningen,47.53796,7.571110000000001,10.7
2000,Switzerland,CHE,Basel-Binningen,47.53796,7.571110000000001,11.4
2001,Switzerland,CHE,Basel-Binningen,47.53796,7.571110000000001,10.6
2002,Switzerland,CHE,Basel-Binningen,47.53796,7.571110000000001,11.2
2003,Switzerland,CHE,Basel-Binningen,47.53796,7.571110000000001,11.4
2004,Switzerland,CHE,Basel-Binningen,47.53796,7.571110000000001,10.6
2005,Switzerland,CHE,Basel-Binningen,47.53796,7.571110000000001,10.4
2006,Switzerland,CHE,Basel-Binningen,47.53796,7.571110000000001,10.9
2007,Switzerland,CHE,Basel-Binningen,47.53796,7.571110000000001,11.3
2008,Switzerland,CHE,Basel-Binningen,47.53796,7.571110000000001,10.8
2009,Switzerland,CHE,Basel-Binningen,47.53796,7.571110000000001,11.1
2010,Switzerland,CHE,Basel-Binningen,47.53796,7.571110000000001,9.9
2011,Switzerland,CHE,Basel-Binningen,47.53796,7.571110000000001,11.6
2012,Switzerland,CHE,Basel-Binningen,47.53796,7.571110000000001,10.9
2013,Switzerland,CHE,Basel-Binningen,47.53796,7.571110000000001,10.3
2014,Switzerland,CHE,Basel-Binningen,47.53796,7.571110000000001,11.9
2015,Switzerland,CHE,Basel-Binningen,47.53796,7.571110000000001,11.7
2016,Switzerland,CHE,Basel-Binningen,47.53796,7.571110000000001,10.9
2017,Switzerland,CHE,Basel-Binningen,47.53796,7.571110000000001,11.4
2018,Switzerland,CHE,Basel-Binningen,47.53796,7.571110000000001,12.2
2019,Switzerland,CHE,Basel-Binningen,47.53796,7.571110000000001,11.6
1931,Switzerland,CHE,Davos,46.802746,9.83597,1.7
1932,Switzerland,CHE,Davos,46.802746,9.83597,2.3
1933,Switzerland,CHE,Davos,46.802746,9.83597,1.8
1934,Switzerland,CHE,Davos,46.802746,9.83597,3.3
1935,Switzerland,CHE,Davos,46.802746,9.83597,1.8
1936,Switzerland,CHE,Davos,46.802746,9.83597,2.4
1937,Switzerland,CHE,Davos,46.802746,9.83597,2.5
1938,Switzerland,CHE,Davos,46.802746,9.83597,2.3
1939,Switzerland,CHE,Davos,46.802746,9.83597,2.2
1940,Switzerland,CHE,Davos,46.802746,9.83597,1.4
1941,Switzerland,CHE,Davos,46.802746,9.83597,1.7
1942,Switzerland,CHE,Davos,46.802746,9.83597,2.4
1943,Switzerland,CHE,Davos,46.802746,9.83597,3.1
1944,Switzerland,CHE,Davos,46.802746,9.83597,1.7
1945,Switzerland,CHE,Davos,46.802746,9.83597,2.5
1946,Switzerland,CHE,Davos,46.802746,9.83597,3.0
1947,Switzerland,CHE,Davos,46.802746,9.83597,3.6
1948,Switzerland,CHE,Davos,46.802746,9.83597,3.2
1949,Switzerland,CHE,Davos,46.802746,9.83597,3.2
1950,Switzerland,CHE,Davos,46.802746,9.83597,2.8
1951,Switzerland,CHE,Davos,46.802746,9.83597,2.9
1952,Switzerland,CHE,Davos,46.802746,9.83597,2.2
1953,Switzerland,CHE,Davos,46.802746,9.83597,2.7
1954,Switzerland,CHE,Davos,46.802746,9.83597,1.9
1955,Switzerland,CHE,Davos,46.802746,9.83597,2.0
1956,Switzerland,CHE,Davos,46.802746,9.83597,0.9
1957,Switzerland,CHE,Davos,46.802746,9.83597,3.0
1958,Switzerland,CHE,Davos,46.802746,9.83597,2.6
1959,Switzerland,CHE,Davos,46.802746,9.83597,3.2
1960,Switzerland,CHE,Davos,46.802746,9.83597,2.8
1961,Switzerland,CHE,Davos,46.802746,9.83597,3.7
1962,Switzerland,CHE,Davos,46.802746,9.83597,1.6
1963,Switzerland,CHE,Davos,46.802746,9.83597,1.9
1964,Switzerland,CHE,Davos,46.802746,9.83597,3.1
1965,Switzerland,CHE,Davos,46.802746,9.83597,1.8
1966,Switzerland,CHE,Davos,46.802746,9.83597,2.6
1967,Switzerland,CHE,Davos,46.802746,9.83597,2.7
1968,Switzerland,CHE,Davos,46.802746,9.83597,2.6
1969,Switzerland,CHE,Davos,46.802746,9.83597,2.6
1970,Switzerland,CHE,Davos,46.802746,9.83597,2.3
1971,Switzerland,CHE,Davos,46.802746,9.83597,3.1
1972,Switzerland,CHE,Davos,46.802746,9.83597,2.9
1973,Switzerland,CHE,Davos,46.802746,9.83597,2.6
1974,Switzerland,CHE,Davos,46.802746,9.83597,2.7
1975,Switzerland,CHE,Davos,46.802746,9.83597,3.1
1976,Switzerland,CHE,Davos,46.802746,9.83597,2.7
1977,Switzerland,CHE,Davos,46.802746,9.83597,3.2
1978,Switzerland,CHE,Davos,46.802746,9.83597,2.6
1979,Switzerland,CHE,Davos,46.802746,9.83597,2.6
1980,Switzerland,CHE,Davos,46.802746,9.83597,2.1
1981,Switzerland,CHE,Davos,46.802746,9.83597,2.6
1982,Switzerland,CHE,Davos,46.802746,9.83597,3.3
1983,Switzerland,CHE,Davos,46.802746,9.83597,3.4
1984,Switzerland,CHE,Davos,46.802746,9.83597,2.3
1985,Switzerland,CHE,Davos,46.802746,9.83597,2.6
1986,Switzerland,CHE,Davos,46.802746,9.83597,3.1
1987,Switzerland,CHE,Davos,46.802746,9.83597,3.0
1988,Switzerland,CHE,Davos,46.802746,9.83597,3.5
1989,Switzerland,CHE,Davos,46.802746,9.83597,4.2
1990,Switzerland,CHE,Davos,46.802746,9.83597,3.8
1991,Switzerland,CHE,Davos,46.802746,9.83597,3.2
1992,Switzerland,CHE,Davos,46.802746,9.83597,3.8
1993,Switzerland,CHE,Davos,46.802746,9.83597,3.4
1994,Switzerland,CHE,Davos,46.802746,9.83597,4.6
1995,Switzerland,CHE,Davos,46.802746,9.83597,3.2
1996,Switzerland,CHE,Davos,46.802746,9.83597,3.1
1997,Switzerland,CHE,Davos,46.802746,9.83597,4.1
1998,Switzerland,CHE,Davos,46.802746,9.83597,3.5
1999,Switzerland,CHE,Davos,46.802746,9.83597,3.5
2000,Switzerland,CHE,Davos,46.802746,9.83597,4.1
2001,Switzerland,CHE,Davos,46.802746,9.83597,3.5
2002,Switzerland,CHE,Davos,46.802746,9.83597,4.3
2003,Switzerland,CHE,Davos,46.802746,9.83597,4.3
2004,Switzerland,CHE,Davos,46.802746,9.83597,3.5
2005,Switzerland,CHE,Davos,46.802746,9.83597,3.0
2006,Switzerland,CHE,Davos,46.802746,9.83597,4.2
2007,Switzerland,CHE,Davos,46.802746,9.83597,4.1
2008,Switzerland,CHE,Davos,46.802746,9.83597,3.8
2009,Switzerland,CHE,Davos,46.802746,9.83597,3.8
2010,Switzerland,CHE,Davos,46.802746,9.83597,2.7
2011,Switzerland,CHE,Davos,46.802746,9.83597,4.7
2012,Switzerland,CHE,Davos,46.802746,9.83597,3.9
2013,Switzerland,CHE,Davos,46.802746,9.83597,3.6
2014,Switzerland,CHE,Davos,46.802746,9.83597,4.8
2015,Switzerland,CHE,Davos,46.802746,9.83597,4.8
2016,Switzerland,CHE,Davos,46.802746,9.83597,4.4
2017,Switzerland,CHE,Davos,46.802746,9.83597,4.2
2018,Switzerland,CHE,Davos,46.802746,9.83597,5.0
2019,Switzerland,CHE,Davos,46.802746,9.83597,4.5
1931,Switzerland,CHE,Genf-Cointrin,46.22783,6.10424,9.0
1932,Switzerland,CHE,Genf-Cointrin,46.22783,6.10424,9.2
1933,Switzerland,CHE,Genf-Cointrin,46.22783,6.10424,9.0
1934,Switzerland,CHE,Genf-Cointrin,46.22783,6.10424,10.0
1935,Switzerland,CHE,Genf-Cointrin,46.22783,6.10424,9.6
1936,Switzerland,CHE,Genf-Cointrin,46.22783,6.10424,9.6
1937,Switzerland,CHE,Genf-Cointrin,46.22783,6.10424,10.0
1938,Switzerland,CHE,Genf-Cointrin,46.22783,6.10424,9.4
1939,Switzerland,CHE,Genf-Cointrin,46.22783,6.10424,9.1
1940,Switzerland,CHE,Genf-Cointrin,46.22783,6.10424,8.7
1941,Switzerland,CHE,Genf-Cointrin,46.22783,6.10424,8.8
1942,Switzerland,CHE,Genf-Cointrin,46.22783,6.10424,9.3
1943,Switzerland,CHE,Genf-Cointrin,46.22783,6.10424,10.4
1944,Switzerland,CHE,Genf-Cointrin,46.22783,6.10424,9.6
1945,Switzerland,CHE,Genf-Cointrin,46.22783,6.10424,10.3
1946,Switzerland,CHE,Genf-Cointrin,46.22783,6.10424,10.0
1947,Switzerland,CHE,Genf-Cointrin,46.22783,6.10424,10.9
1948,Switzerland,CHE,Genf-Cointrin,46.22783,6.10424,10.1
1949,Switzerland,CHE,Genf-Cointrin,46.22783,6.10424,10.6
1950,Switzerland,CHE,Genf-Cointrin,46.22783,6.10424,10.4
1951,Switzerland,CHE,Genf-Cointrin,46.22783,6.10424,9.6
1952,Switzerland,CHE,Genf-Cointrin,46.22783,6.10424,9.9
1953,Switzerland,CHE,Genf-Cointrin,46.22783,6.10424,9.7
1954,Switzerland,CHE,Genf-Cointrin,46.22783,6.10424,9.4
1955,Switzerland,CHE,Genf-Cointrin,46.22783,6.10424,9.7
1956,Switzerland,CHE,Genf-Cointrin,46.22783,6.10424,8.5
1957,Switzerland,CHE,Genf-Cointrin,46.22783,6.10424,9.5
1958,Switzerland,CHE,Genf-Cointrin,46.22783,6.10424,9.6
1959,Switzerland,CHE,Genf-Cointrin,46.22783,6.10424,10.2
1960,Switzerland,CHE,Genf-Cointrin,46.22783,6.10424,9.7
1961,Switzerland,CHE,Genf-Cointrin,46.22783,6.10424,10.6
1962,Switzerland,CHE,Genf-Cointrin,46.22783,6.10424,9.1
1963,Switzerland,CHE,Genf-Cointrin,46.22783,6.10424,8.5
1964,Switzerland,CHE,Genf-Cointrin,46.22783,6.10424,9.8
1965,Switzerland,CHE,Genf-Cointrin,46.22783,6.10424,8.8
1966,Switzerland,CHE,Genf-Cointrin,46.22783,6.10424,10.0
1967,Switzerland,CHE,Genf-Cointrin,46.22783,6.10424,9.7
1968,Switzerland,CHE,Genf-Cointrin,46.22783,6.10424,9.4
1969,Switzerland,CHE,Genf-Cointrin,46.22783,6.10424,9.1
1970,Switzerland,CHE,Genf-Cointrin,46.22783,6.10424,9.3
1971,Switzerland,CHE,Genf-Cointrin,46.22783,6.10424,9.3
1972,Switzerland,CHE,Genf-Cointrin,46.22783,6.10424,9.2
1973,Switzerland,CHE,Genf-Cointrin,46.22783,6.10424,9.1
1974,Switzerland,CHE,Genf-Cointrin,46.22783,6.10424,9.8
1975,Switzerland,CHE,Genf-Cointrin,46.22783,6.10424,9.7
1976,Switzerland,CHE,Genf-Cointrin,46.22783,6.10424,9.8
1977,Switzerland,CHE,Genf-Cointrin,46.22783,6.10424,9.9
1978,Switzerland,CHE,Genf-Cointrin,46.22783,6.10424,9.0
1979,Switzerland,CHE,Genf-Cointrin,46.22783,6.10424,9.7
1980,Switzerland,CHE,Genf-Cointrin,46.22783,6.10424,8.9
1981,Switzerland,CHE,Genf-Cointrin,46.22783,6.10424,9.6
1982,Switzerland,CHE,Genf-Cointrin,46.22783,6.10424,10.4
1983,Switzerland,CHE,Genf-Cointrin,46.22783,6.10424,10.3
1984,Switzerland,CHE,Genf-Cointrin,46.22783,6.10424,9.5
1985,Switzerland,CHE,Genf-Cointrin,46.22783,6.10424,9.2
1986,Switzerland,CHE,Genf-Cointrin,46.22783,6.10424,9.8
1987,Switzerland,CHE,Genf-Cointrin,46.22783,6.10424,9.9
1988,Switzerland,CHE,Genf-Cointrin,46.22783,6.10424,10.5
1989,Switzerland,CHE,Genf-Cointrin,46.22783,6.10424,10.7
1990,Switzerland,CHE,Genf-Cointrin,46.22783,6.10424,10.8
1991,Switzerland,CHE,Genf-Cointrin,46.22783,6.10424,10.2
1992,Switzerland,CHE,Genf-Cointrin,46.22783,6.10424,10.6
1993,Switzerland,CHE,Genf-Cointrin,46.22783,6.10424,10.1
1994,Switzerland,CHE,Genf-Cointrin,46.22783,6.10424,11.6
1995,Switzerland,CHE,Genf-Cointrin,46.22783,6.10424,10.7
1996,Switzerland,CHE,Genf-Cointrin,46.22783,6.10424,9.8
1997,Switzerland,CHE,Genf-Cointrin,46.22783,6.10424,10.7
1998,Switzerland,CHE,Genf-Cointrin,46.22783,6.10424,10.6
1999,Switzerland,CHE,Genf-Cointrin,46.22783,6.10424,10.5
2000,Switzerland,CHE,Genf-Cointrin,46.22783,6.10424,11.2
2001,Switzerland,CHE,Genf-Cointrin,46.22783,6.10424,10.9
2002,Switzerland,CHE,Genf-Cointrin,46.22783,6.10424,11.2
2003,Switzerland,CHE,Genf-Cointrin,46.22783,6.10424,11.4
2004,Switzerland,CHE,Genf-Cointrin,46.22783,6.10424,10.7
2005,Switzerland,CHE,Genf-Cointrin,46.22783,6.10424,10.3
2006,Switzerland,CHE,Genf-Cointrin,46.22783,6.10424,11.2
2007,Switzerland,CHE,Genf-Cointrin,46.22783,6.10424,11.2
2008,Switzerland,CHE,Genf-Cointrin,46.22783,6.10424,10.8
2009,Switzerland,CHE,Genf-Cointrin,46.22783,6.10424,11.2
2010,Switzerland,CHE,Genf-Cointrin,46.22783,6.10424,10.1
2011,Switzerland,CHE,Genf-Cointrin,46.22783,6.10424,11.4
2012,Switzerland,CHE,Genf-Cointrin,46.22783,6.10424,10.9
2013,Switzerland,CHE,Genf-Cointrin,46.22783,6.10424,10.2
2014,Switzerland,CHE,Genf-Cointrin,46.22783,6.10424,11.7
2015,Switzerland,CHE,Genf-Cointrin,46.22783,6.10424,11.6
2016,Switzerland,CHE,Genf-Cointrin,46.22783,6.10424,11.1
2017,Switzerland,CHE,Genf-Cointrin,46.22783,6.10424,11.3
2018,Switzerland,CHE,Genf-Cointrin,46.22783,6.10424,12.3
2019,Switzerland,CHE,Genf-Cointrin,46.22783,6.10424,11.8
1931,Switzerland,CHE,Locarno-Monti,46.170978999999996,8.79112,11.0
1932,Switzerland,CHE,Locarno-Monti,46.170978999999996,8.79112,11.0
1933,Switzerland,CHE,Locarno-Monti,46.170978999999996,8.79112,11.2
1934,Switzerland,CHE,Locarno-Monti,46.170978999999996,8.79112,11.5
1935,Switzerland,CHE,Locarno-Monti,46.170978999999996,8.79112,11.2
1936,Switzerland,CHE,Locarno-Monti,46.170978999999996,8.79112,11.1
1937,Switzerland,CHE,Locarno-Monti,46.170978999999996,8.79112,11.3
1938,Switzerland,CHE,Locarno-Monti,46.170978999999996,8.79112,11.4
1939,Switzerland,CHE,Locarno-Monti,46.170978999999996,8.79112,10.8
1940,Switzerland,CHE,Locarno-Monti,46.170978999999996,8.79112,10.6
1941,Switzerland,CHE,Locarno-Monti,46.170978999999996,8.79112,10.5
1942,Switzerland,CHE,Locarno-Monti,46.170978999999996,8.79112,11.4
1943,Switzerland,CHE,Locarno-Monti,46.170978999999996,8.79112,12.5
1944,Switzerland,CHE,Locarno-Monti,46.170978999999996,8.79112,11.3
1945,Switzerland,CHE,Locarno-Monti,46.170978999999996,8.79112,12.3
1946,Switzerland,CHE,Locarno-Monti,46.170978999999996,8.79112,11.5
1947,Switzerland,CHE,Locarno-Monti,46.170978999999996,8.79112,11.9
1948,Switzerland,CHE,Locarno-Monti,46.170978999999996,8.79112,11.9
1949,Switzerland,CHE,Locarno-Monti,46.170978999999996,8.79112,12.4
1950,Switzerland,CHE,Locarno-Monti,46.170978999999996,8.79112,11.9
1951,Switzerland,CHE,Locarno-Monti,46.170978999999996,8.79112,11.2
1952,Switzerland,CHE,Locarno-Monti,46.170978999999996,8.79112,11.3
1953,Switzerland,CHE,Locarno-Monti,46.170978999999996,8.79112,11.9
1954,Switzerland,CHE,Locarno-Monti,46.170978999999996,8.79112,11.0
1955,Switzerland,CHE,Locarno-Monti,46.170978999999996,8.79112,11.4
1956,Switzerland,CHE,Locarno-Monti,46.170978999999996,8.79112,10.6
1957,Switzerland,CHE,Locarno-Monti,46.170978999999996,8.79112,11.5
1958,Switzerland,CHE,Locarno-Monti,46.170978999999996,8.79112,11.6
1959,Switzerland,CHE,Locarno-Monti,46.170978999999996,8.79112,12.0
1960,Switzerland,CHE,Locarno-Monti,46.170978999999996,8.79112,10.9
1961,Switzerland,CHE,Locarno-Monti,46.170978999999996,8.79112,12.2
1962,Switzerland,CHE,Locarno-Monti,46.170978999999996,8.79112,11.2
1963,Switzerland,CHE,Locarno-Monti,46.170978999999996,8.79112,10.6
1964,Switzerland,CHE,Locarno-Monti,46.170978999999996,8.79112,11.8
1965,Switzerland,CHE,Locarno-Monti,46.170978999999996,8.79112,11.0
1966,Switzerland,CHE,Locarno-Monti,46.170978999999996,8.79112,11.4
1967,Switzerland,CHE,Locarno-Monti,46.170978999999996,8.79112,11.5
1968,Switzerland,CHE,Locarno-Monti,46.170978999999996,8.79112,11.0
1969,Switzerland,CHE,Locarno-Monti,46.170978999999996,8.79112,11.0
1970,Switzerland,CHE,Locarno-Monti,46.170978999999996,8.79112,11.0
1971,Switzerland,CHE,Locarno-Monti,46.170978999999996,8.79112,11.4
1972,Switzerland,CHE,Locarno-Monti,46.170978999999996,8.79112,10.8
1973,Switzerland,CHE,Locarno-Monti,46.170978999999996,8.79112,11.5
1974,Switzerland,CHE,Locarno-Monti,46.170978999999996,8.79112,11.6
1975,Switzerland,CHE,Locarno-Monti,46.170978999999996,8.79112,11.5
1976,Switzerland,CHE,Locarno-Monti,46.170978999999996,8.79112,11.8
1977,Switzerland,CHE,Locarno-Monti,46.170978999999996,8.79112,11.0
1978,Switzerland,CHE,Locarno-Monti,46.170978999999996,8.79112,10.9
1979,Switzerland,CHE,Locarno-Monti,46.170978999999996,8.79112,11.3
1980,Switzerland,CHE,Locarno-Monti,46.170978999999996,8.79112,11.1
1981,Switzerland,CHE,Locarno-Monti,46.170978999999996,8.79112,11.6
1982,Switzerland,CHE,Locarno-Monti,46.170978999999996,8.79112,11.8
1983,Switzerland,CHE,Locarno-Monti,46.170978999999996,8.79112,11.8
1984,Switzerland,CHE,Locarno-Monti,46.170978999999996,8.79112,11.1
1985,Switzerland,CHE,Locarno-Monti,46.170978999999996,8.79112,11.4
1986,Switzerland,CHE,Locarno-Monti,46.170978999999996,8.79112,11.8
1987,Switzerland,CHE,Locarno-Monti,46.170978999999996,8.79112,11.5
1988,Switzerland,CHE,Locarno-Monti,46.170978999999996,8.79112,12.1
1989,Switzerland,CHE,Locarno-Monti,46.170978999999996,8.79112,12.4
1990,Switzerland,CHE,Locarno-Monti,46.170978999999996,8.79112,12.7
1991,Switzerland,CHE,Locarno-Monti,46.170978999999996,8.79112,12.3
1992,Switzerland,CHE,Locarno-Monti,46.170978999999996,8.79112,12.5
1993,Switzerland,CHE,Locarno-Monti,46.170978999999996,8.79112,12.3
1994,Switzerland,CHE,Locarno-Monti,46.170978999999996,8.79112,13.0
1995,Switzerland,CHE,Locarno-Monti,46.170978999999996,8.79112,12.2
1996,Switzerland,CHE,Locarno-Monti,46.170978999999996,8.79112,11.9
1997,Switzerland,CHE,Locarno-Monti,46.170978999999996,8.79112,12.9
1998,Switzerland,CHE,Locarno-Monti,46.170978999999996,8.79112,12.5
1999,Switzerland,CHE,Locarno-Monti,46.170978999999996,8.79112,12.4
2000,Switzerland,CHE,Locarno-Monti,46.170978999999996,8.79112,12.8
2001,Switzerland,CHE,Locarno-Monti,46.170978999999996,8.79112,12.5
2002,Switzerland,CHE,Locarno-Monti,46.170978999999996,8.79112,12.7
2003,Switzerland,CHE,Locarno-Monti,46.170978999999996,8.79112,13.4
2004,Switzerland,CHE,Locarno-Monti,46.170978999999996,8.79112,12.5
2005,Switzerland,CHE,Locarno-Monti,46.170978999999996,8.79112,12.4
2006,Switzerland,CHE,Locarno-Monti,46.170978999999996,8.79112,13.0
2007,Switzerland,CHE,Locarno-Monti,46.170978999999996,8.79112,13.5
2008,Switzerland,CHE,Locarno-Monti,46.170978999999996,8.79112,12.5
2009,Switzerland,CHE,Locarno-Monti,46.170978999999996,8.79112,13.0
2010,Switzerland,CHE,Locarno-Monti,46.170978999999996,8.79112,11.9
2011,Switzerland,CHE,Locarno-Monti,46.170978999999996,8.79112,13.4
2012,Switzerland,CHE,Locarno-Monti,46.170978999999996,8.79112,13.1
2013,Switzerland,CHE,Locarno-Monti,46.170978999999996,8.79112,12.7
2014,Switzerland,CHE,Locarno-Monti,46.170978999999996,8.79112,13.3
2015,Switzerland,CHE,Locarno-Monti,46.170978999999996,8.79112,13.8
2016,Switzerland,CHE,Locarno-Monti,46.170978999999996,8.79112,13.2
2017,Switzerland,CHE,Locarno-Monti,46.170978999999996,8.79112,13.4
2018,Switzerland,CHE,Locarno-Monti,46.170978999999996,8.79112,13.8
2019,Switzerland,CHE,Locarno-Monti,46.170978999999996,8.79112,13.8
1931,Switzerland,CHE,Lugano,46.003601,8.953619999999999,10.9
1932,Switzerland,CHE,Lugano,46.003601,8.953619999999999,11.0
1933,Switzerland,CHE,Lugano,46.003601,8.953619999999999,11.1
1934,Switzerland,CHE,Lugano,46.003601,8.953619999999999,11.7
1935,Switzerland,CHE,Lugano,46.003601,8.953619999999999,11.4
1936,Switzerland,CHE,Lugano,46.003601,8.953619999999999,11.3
1937,Switzerland,CHE,Lugano,46.003601,8.953619999999999,11.6
1938,Switzerland,CHE,Lugano,46.003601,8.953619999999999,11.5
1939,Switzerland,CHE,Lugano,46.003601,8.953619999999999,11.1
1940,Switzerland,CHE,Lugano,46.003601,8.953619999999999,11.0
1941,Switzerland,CHE,Lugano,46.003601,8.953619999999999,11.0
1942,Switzerland,CHE,Lugano,46.003601,8.953619999999999,11.9
1943,Switzerland,CHE,Lugano,46.003601,8.953619999999999,12.7
1944,Switzerland,CHE,Lugano,46.003601,8.953619999999999,11.5
1945,Switzerland,CHE,Lugano,46.003601,8.953619999999999,12.5
1946,Switzerland,CHE,Lugano,46.003601,8.953619999999999,11.7
1947,Switzerland,CHE,Lugano,46.003601,8.953619999999999,12.2
1948,Switzerland,CHE,Lugano,46.003601,8.953619999999999,12.4
1949,Switzerland,CHE,Lugano,46.003601,8.953619999999999,12.7
1950,Switzerland,CHE,Lugano,46.003601,8.953619999999999,12.2
1951,Switzerland,CHE,Lugano,46.003601,8.953619999999999,11.5
1952,Switzerland,CHE,Lugano,46.003601,8.953619999999999,11.6
1953,Switzerland,CHE,Lugano,46.003601,8.953619999999999,12.0
1954,Switzerland,CHE,Lugano,46.003601,8.953619999999999,11.2
1955,Switzerland,CHE,Lugano,46.003601,8.953619999999999,11.7
1956,Switzerland,CHE,Lugano,46.003601,8.953619999999999,10.8
1957,Switzerland,CHE,Lugano,46.003601,8.953619999999999,11.6
1958,Switzerland,CHE,Lugano,46.003601,8.953619999999999,12.0
1959,Switzerland,CHE,Lugano,46.003601,8.953619999999999,12.1
1960,Switzerland,CHE,Lugano,46.003601,8.953619999999999,11.1
1961,Switzerland,CHE,Lugano,46.003601,8.953619999999999,12.2
1962,Switzerland,CHE,Lugano,46.003601,8.953619999999999,11.4
1963,Switzerland,CHE,Lugano,46.003601,8.953619999999999,10.9
1964,Switzerland,CHE,Lugano,46.003601,8.953619999999999,11.8
1965,Switzerland,CHE,Lugano,46.003601,8.953619999999999,11.0
1966,Switzerland,CHE,Lugano,46.003601,8.953619999999999,11.6
1967,Switzerland,CHE,Lugano,46.003601,8.953619999999999,11.9
1968,Switzerland,CHE,Lugano,46.003601,8.953619999999999,11.3
1969,Switzerland,CHE,Lugano,46.003601,8.953619999999999,11.1
1970,Switzerland,CHE,Lugano,46.003601,8.953619999999999,11.3
1971,Switzerland,CHE,Lugano,46.003601,8.953619999999999,11.8
1972,Switzerland,CHE,Lugano,46.003601,8.953619999999999,11.3
1973,Switzerland,CHE,Lugano,46.003601,8.953619999999999,11.7
1974,Switzerland,CHE,Lugano,46.003601,8.953619999999999,11.9
1975,Switzerland,CHE,Lugano,46.003601,8.953619999999999,11.8
1976,Switzerland,CHE,Lugano,46.003601,8.953619999999999,11.9
1977,Switzerland,CHE,Lugano,46.003601,8.953619999999999,11.3
1978,Switzerland,CHE,Lugano,46.003601,8.953619999999999,11.1
1979,Switzerland,CHE,Lugano,46.003601,8.953619999999999,11.4
1980,Switzerland,CHE,Lugano,46.003601,8.953619999999999,11.1
1981,Switzerland,CHE,Lugano,46.003601,8.953619999999999,11.6
1982,Switzerland,CHE,Lugano,46.003601,8.953619999999999,12.1
1983,Switzerland,CHE,Lugano,46.003601,8.953619999999999,11.9
1984,Switzerland,CHE,Lugano,46.003601,8.953619999999999,11.3
1985,Switzerland,CHE,Lugano,46.003601,8.953619999999999,11.5
1986,Switzerland,CHE,Lugano,46.003601,8.953619999999999,11.8
1987,Switzerland,CHE,Lugano,46.003601,8.953619999999999,11.6
1988,Switzerland,CHE,Lugano,46.003601,8.953619999999999,12.3
1989,Switzerland,CHE,Lugano,46.003601,8.953619999999999,12.3
1990,Switzerland,CHE,Lugano,46.003601,8.953619999999999,12.6
1991,Switzerland,CHE,Lugano,46.003601,8.953619999999999,12.3
1992,Switzerland,CHE,Lugano,46.003601,8.953619999999999,12.4
1993,Switzerland,CHE,Lugano,46.003601,8.953619999999999,12.1
1994,Switzerland,CHE,Lugano,46.003601,8.953619999999999,13.1
1995,Switzerland,CHE,Lugano,46.003601,8.953619999999999,12.5
1996,Switzerland,CHE,Lugano,46.003601,8.953619999999999,12.1
1997,Switzerland,CHE,Lugano,46.003601,8.953619999999999,13.0
1998,Switzerland,CHE,Lugano,46.003601,8.953619999999999,12.4
1999,Switzerland,CHE,Lugano,46.003601,8.953619999999999,12.6
2000,Switzerland,CHE,Lugano,46.003601,8.953619999999999,13.0
2001,Switzerland,CHE,Lugano,46.003601,8.953619999999999,12.7
2002,Switzerland,CHE,Lugano,46.003601,8.953619999999999,12.9
2003,Switzerland,CHE,Lugano,46.003601,8.953619999999999,13.3
2004,Switzerland,CHE,Lugano,46.003601,8.953619999999999,12.6
2005,Switzerland,CHE,Lugano,46.003601,8.953619999999999,12.6
2006,Switzerland,CHE,Lugano,46.003601,8.953619999999999,13.1
2007,Switzerland,CHE,Lugano,46.003601,8.953619999999999,13.5
2008,Switzerland,CHE,Lugano,46.003601,8.953619999999999,12.7
2009,Switzerland,CHE,Lugano,46.003601,8.953619999999999,13.2
2010,Switzerland,CHE,Lugano,46.003601,8.953619999999999,12.1
2011,Switzerland,CHE,Lugano,46.003601,8.953619999999999,13.5
2012,Switzerland,CHE,Lugano,46.003601,8.953619999999999,13.2
2013,Switzerland,CHE,Lugano,46.003601,8.953619999999999,12.8
2014,Switzerland,CHE,Lugano,46.003601,8.953619999999999,13.5
2015,Switzerland,CHE,Lugano,46.003601,8.953619999999999,13.8
2016,Switzerland,CHE,Lugano,46.003601,8.953619999999999,13.3
2017,Switzerland,CHE,Lugano,46.003601,8.953619999999999,13.4
2018,Switzerland,CHE,Lugano,46.003601,8.953619999999999,13.9
2019,Switzerland,CHE,Lugano,46.003601,8.953619999999999,13.9
1931,Switzerland,CHE,Luzern,47.04554,8.308010000000001,7.8
1932,Switzerland,CHE,Luzern,47.04554,8.308010000000001,8.1
1933,Switzerland,CHE,Luzern,47.04554,8.308010000000001,7.9
1934,Switzerland,CHE,Luzern,47.04554,8.308010000000001,9.1
1935,Switzerland,CHE,Luzern,47.04554,8.308010000000001,8.3
1936,Switzerland,CHE,Luzern,47.04554,8.308010000000001,8.7
1937,Switzerland,CHE,Luzern,47.04554,8.308010000000001,8.8
1938,Switzerland,CHE,Luzern,47.04554,8.308010000000001,8.4
1939,Switzerland,CHE,Luzern,47.04554,8.308010000000001,8.2
1940,Switzerland,CHE,Luzern,47.04554,8.308010000000001,7.4
1941,Switzerland,CHE,Luzern,47.04554,8.308010000000001,7.7
1942,Switzerland,CHE,Luzern,47.04554,8.308010000000001,8.1
1943,Switzerland,CHE,Luzern,47.04554,8.308010000000001,9.4
1944,Switzerland,CHE,Luzern,47.04554,8.308010000000001,8.3
1945,Switzerland,CHE,Luzern,47.04554,8.308010000000001,9.0
1946,Switzerland,CHE,Luzern,47.04554,8.308010000000001,8.9
1947,Switzerland,CHE,Luzern,47.04554,8.308010000000001,9.7
1948,Switzerland,CHE,Luzern,47.04554,8.308010000000001,9.3
1949,Switzerland,CHE,Luzern,47.04554,8.308010000000001,9.6
1950,Switzerland,CHE,Luzern,47.04554,8.308010000000001,9.2
1951,Switzerland,CHE,Luzern,47.04554,8.308010000000001,8.8
1952,Switzerland,CHE,Luzern,47.04554,8.308010000000001,8.9
1953,Switzerland,CHE,Luzern,47.04554,8.308010000000001,8.8
1954,Switzerland,CHE,Luzern,47.04554,8.308010000000001,8.3
1955,Switzerland,CHE,Luzern,47.04554,8.308010000000001,8.5
1956,Switzerland,CHE,Luzern,47.04554,8.308010000000001,7.4
1957,Switzerland,CHE,Luzern,47.04554,8.308010000000001,8.7
1958,Switzerland,CHE,Luzern,47.04554,8.308010000000001,8.8
1959,Switzerland,CHE,Luzern,47.04554,8.308010000000001,9.2
1960,Switzerland,CHE,Luzern,47.04554,8.308010000000001,8.7
1961,Switzerland,CHE,Luzern,47.04554,8.308010000000001,9.7
1962,Switzerland,CHE,Luzern,47.04554,8.308010000000001,7.9
1963,Switzerland,CHE,Luzern,47.04554,8.308010000000001,7.5
1964,Switzerland,CHE,Luzern,47.04554,8.308010000000001,8.8
1965,Switzerland,CHE,Luzern,47.04554,8.308010000000001,7.9
1966,Switzerland,CHE,Luzern,47.04554,8.308010000000001,9.0
1967,Switzerland,CHE,Luzern,47.04554,8.308010000000001,9.0
1968,Switzerland,CHE,Luzern,47.04554,8.308010000000001,8.6
1969,Switzerland,CHE,Luzern,47.04554,8.308010000000001,8.2
1970,Switzerland,CHE,Luzern,47.04554,8.308010000000001,8.1
1971,Switzerland,CHE,Luzern,47.04554,8.308010000000001,8.3
1972,Switzerland,CHE,Luzern,47.04554,8.308010000000001,8.0
1973,Switzerland,CHE,Luzern,47.04554,8.308010000000001,8.4
1974,Switzerland,CHE,Luzern,47.04554,8.308010000000001,9.1
1975,Switzerland,CHE,Luzern,47.04554,8.308010000000001,8.8
1976,Switzerland,CHE,Luzern,47.04554,8.308010000000001,9.0
1977,Switzerland,CHE,Luzern,47.04554,8.308010000000001,9.0
1978,Switzerland,CHE,Luzern,47.04554,8.308010000000001,8.0
1979,Switzerland,CHE,Luzern,47.04554,8.308010000000001,8.7
1980,Switzerland,CHE,Luzern,47.04554,8.308010000000001,8.3
1981,Switzerland,CHE,Luzern,47.04554,8.308010000000001,8.8
1982,Switzerland,CHE,Luzern,47.04554,8.308010000000001,9.3
1983,Switzerland,CHE,Luzern,47.04554,8.308010000000001,9.5
1984,Switzerland,CHE,Luzern,47.04554,8.308010000000001,8.5
1985,Switzerland,CHE,Luzern,47.04554,8.308010000000001,8.3
1986,Switzerland,CHE,Luzern,47.04554,8.308010000000001,8.7
1987,Switzerland,CHE,Luzern,47.04554,8.308010000000001,8.7
1988,Switzerland,CHE,Luzern,47.04554,8.308010000000001,9.9
1989,Switzerland,CHE,Luzern,47.04554,8.308010000000001,9.8
1990,Switzerland,CHE,Luzern,47.04554,8.308010000000001,10.0
1991,Switzerland,CHE,Luzern,47.04554,8.308010000000001,9.1
1992,Switzerland,CHE,Luzern,47.04554,8.308010000000001,9.8
1993,Switzerland,CHE,Luzern,47.04554,8.308010000000001,9.5
1994,Switzerland,CHE,Luzern,47.04554,8.308010000000001,10.9
1995,Switzerland,CHE,Luzern,47.04554,8.308010000000001,9.7
1996,Switzerland,CHE,Luzern,47.04554,8.308010000000001,8.7
1997,Switzerland,CHE,Luzern,47.04554,8.308010000000001,9.8
1998,Switzerland,CHE,Luzern,47.04554,8.308010000000001,9.8
1999,Switzerland,CHE,Luzern,47.04554,8.308010000000001,9.6
2000,Switzerland,CHE,Luzern,47.04554,8.308010000000001,10.4
2001,Switzerland,CHE,Luzern,47.04554,8.308010000000001,9.9
2002,Switzerland,CHE,Luzern,47.04554,8.308010000000001,10.4
2003,Switzerland,CHE,Luzern,47.04554,8.308010000000001,10.4
2004,Switzerland,CHE,Luzern,47.04554,8.308010000000001,9.8
2005,Switzerland,CHE,Luzern,47.04554,8.308010000000001,9.5
2006,Switzerland,CHE,Luzern,47.04554,8.308010000000001,10.1
2007,Switzerland,CHE,Luzern,47.04554,8.308010000000001,10.4
2008,Switzerland,CHE,Luzern,47.04554,8.308010000000001,9.9
2009,Switzerland,CHE,Luzern,47.04554,8.308010000000001,10.2
2010,Switzerland,CHE,Luzern,47.04554,8.308010000000001,9.2
2011,Switzerland,CHE,Luzern,47.04554,8.308010000000001,10.7
2012,Switzerland,CHE,Luzern,47.04554,8.308010000000001,10.1
2013,Switzerland,CHE,Luzern,47.04554,8.308010000000001,9.5
2014,Switzerland,CHE,Luzern,47.04554,8.308010000000001,10.9
2015,Switzerland,CHE,Luzern,47.04554,8.308010000000001,10.8
2016,Switzerland,CHE,Luzern,47.04554,8.308010000000001,10.3
2017,Switzerland,CHE,Luzern,47.04554,8.308010000000001,10.4
2018,Switzerland,CHE,Luzern,47.04554,8.308010000000001,11.4
2019,Switzerland,CHE,Luzern,47.04554,8.308010000000001,10.9
1931,Switzerland,CHE,Neuenburg,48.84655,8.588410000000001,8.4
1932,Switzerland,CHE,Neuenburg,48.84655,8.588410000000001,8.6
1933,Switzerland,CHE,Neuenburg,48.84655,8.588410000000001,8.5
1934,Switzerland,CHE,Neuenburg,48.84655,8.588410000000001,9.8
1935,Switzerland,CHE,Neuenburg,48.84655,8.588410000000001,8.9
1936,Switzerland,CHE,Neuenburg,48.84655,8.588410000000001,9.2
1937,Switzerland,CHE,Neuenburg,48.84655,8.588410000000001,9.3
1938,Switzerland,CHE,Neuenburg,48.84655,8.588410000000001,9.0
1939,Switzerland,CHE,Neuenburg,48.84655,8.588410000000001,8.5
1940,Switzerland,CHE,Neuenburg,48.84655,8.588410000000001,8.1
1941,Switzerland,CHE,Neuenburg,48.84655,8.588410000000001,8.3
1942,Switzerland,CHE,Neuenburg,48.84655,8.588410000000001,8.7
1943,Switzerland,CHE,Neuenburg,48.84655,8.588410000000001,10.1
1944,Switzerland,CHE,Neuenburg,48.84655,8.588410000000001,9.1
1945,Switzerland,CHE,Neuenburg,48.84655,8.588410000000001,9.9
1946,Switzerland,CHE,Neuenburg,48.84655,8.588410000000001,9.4
1947,Switzerland,CHE,Neuenburg,48.84655,8.588410000000001,10.5
1948,Switzerland,CHE,Neuenburg,48.84655,8.588410000000001,9.7
1949,Switzerland,CHE,Neuenburg,48.84655,8.588410000000001,10.2
1950,Switzerland,CHE,Neuenburg,48.84655,8.588410000000001,9.7
1951,Switzerland,CHE,Neuenburg,48.84655,8.588410000000001,9.3
1952,Switzerland,CHE,Neuenburg,48.84655,8.588410000000001,9.6
1953,Switzerland,CHE,Neuenburg,48.84655,8.588410000000001,9.2
1954,Switzerland,CHE,Neuenburg,48.84655,8.588410000000001,8.9
1955,Switzerland,CHE,Neuenburg,48.84655,8.588410000000001,8.9
1956,Switzerland,CHE,Neuenburg,48.84655,8.588410000000001,7.8
1957,Switzerland,CHE,Neuenburg,48.84655,8.588410000000001,9.2
1958,Switzerland,CHE,Neuenburg,48.84655,8.588410000000001,9.3
1959,Switzerland,CHE,Neuenburg,48.84655,8.588410000000001,10.1
1960,Switzerland,CHE,Neuenburg,48.84655,8.588410000000001,9.3
1961,Switzerland,CHE,Neuenburg,48.84655,8.588410000000001,10.3
1962,Switzerland,CHE,Neuenburg,48.84655,8.588410000000001,8.7
1963,Switzerland,CHE,Neuenburg,48.84655,8.588410000000001,8.1
1964,Switzerland,CHE,Neuenburg,48.84655,8.588410000000001,9.5
1965,Switzerland,CHE,Neuenburg,48.84655,8.588410000000001,8.5
1966,Switzerland,CHE,Neuenburg,48.84655,8.588410000000001,9.7
1967,Switzerland,CHE,Neuenburg,48.84655,8.588410000000001,9.7
1968,Switzerland,CHE,Neuenburg,48.84655,8.588410000000001,9.3
1969,Switzerland,CHE,Neuenburg,48.84655,8.588410000000001,8.9
1970,Switzerland,CHE,Neuenburg,48.84655,8.588410000000001,8.9
1971,Switzerland,CHE,Neuenburg,48.84655,8.588410000000001,9.2
1972,Switzerland,CHE,Neuenburg,48.84655,8.588410000000001,8.8
1973,Switzerland,CHE,Neuenburg,48.84655,8.588410000000001,9.1
1974,Switzerland,CHE,Neuenburg,48.84655,8.588410000000001,9.8
1975,Switzerland,CHE,Neuenburg,48.84655,8.588410000000001,9.6
1976,Switzerland,CHE,Neuenburg,48.84655,8.588410000000001,9.8
1977,Switzerland,CHE,Neuenburg,48.84655,8.588410000000001,9.6
1978,Switzerland,CHE,Neuenburg,48.84655,8.588410000000001,8.8
1979,Switzerland,CHE,Neuenburg,48.84655,8.588410000000001,9.5
1980,Switzerland,CHE,Neuenburg,48.84655,8.588410000000001,8.8
1981,Switzerland,CHE,Neuenburg,48.84655,8.588410000000001,9.5
1982,Switzerland,CHE,Neuenburg,48.84655,8.588410000000001,10.1
1983,Switzerland,CHE,Neuenburg,48.84655,8.588410000000001,10.0
1984,Switzerland,CHE,Neuenburg,48.84655,8.588410000000001,9.2
1985,Switzerland,CHE,Neuenburg,48.84655,8.588410000000001,9.2
1986,Switzerland,CHE,Neuenburg,48.84655,8.588410000000001,9.4
1987,Switzerland,CHE,Neuenburg,48.84655,8.588410000000001,9.4
1988,Switzerland,CHE,Neuenburg,48.84655,8.588410000000001,10.1
1989,Switzerland,CHE,Neuenburg,48.84655,8.588410000000001,10.3
1990,Switzerland,CHE,Neuenburg,48.84655,8.588410000000001,10.5
1991,Switzerland,CHE,Neuenburg,48.84655,8.588410000000001,9.7
1992,Switzerland,CHE,Neuenburg,48.84655,8.588410000000001,10.4
1993,Switzerland,CHE,Neuenburg,48.84655,8.588410000000001,10.0
1994,Switzerland,CHE,Neuenburg,48.84655,8.588410000000001,11.4
1995,Switzerland,CHE,Neuenburg,48.84655,8.588410000000001,10.3
1996,Switzerland,CHE,Neuenburg,48.84655,8.588410000000001,9.4
1997,Switzerland,CHE,Neuenburg,48.84655,8.588410000000001,10.4
1998,Switzerland,CHE,Neuenburg,48.84655,8.588410000000001,10.4
1999,Switzerland,CHE,Neuenburg,48.84655,8.588410000000001,10.3
2000,Switzerland,CHE,Neuenburg,48.84655,8.588410000000001,11.0
2001,Switzerland,CHE,Neuenburg,48.84655,8.588410000000001,10.4
2002,Switzerland,CHE,Neuenburg,48.84655,8.588410000000001,10.9
2003,Switzerland,CHE,Neuenburg,48.84655,8.588410000000001,11.1
2004,Switzerland,CHE,Neuenburg,48.84655,8.588410000000001,10.3
2005,Switzerland,CHE,Neuenburg,48.84655,8.588410000000001,10.0
2006,Switzerland,CHE,Neuenburg,48.84655,8.588410000000001,10.7
2007,Switzerland,CHE,Neuenburg,48.84655,8.588410000000001,10.8
2008,Switzerland,CHE,Neuenburg,48.84655,8.588410000000001,10.3
2009,Switzerland,CHE,Neuenburg,48.84655,8.588410000000001,10.8
2010,Switzerland,CHE,Neuenburg,48.84655,8.588410000000001,9.8
2011,Switzerland,CHE,Neuenburg,48.84655,8.588410000000001,11.3
2012,Switzerland,CHE,Neuenburg,48.84655,8.588410000000001,10.6
2013,Switzerland,CHE,Neuenburg,48.84655,8.588410000000001,10.0
2014,Switzerland,CHE,Neuenburg,48.84655,8.588410000000001,11.3
2015,Switzerland,CHE,Neuenburg,48.84655,8.588410000000001,11.5
2016,Switzerland,CHE,Neuenburg,48.84655,8.588410000000001,10.8
2017,Switzerland,CHE,Neuenburg,48.84655,8.588410000000001,11.2
2018,Switzerland,CHE,Neuenburg,48.84655,8.588410000000001,11.8
2019,Switzerland,CHE,Neuenburg,48.84655,8.588410000000001,11.3
1931,Switzerland,CHE,Säntis,47.256459,9.317421000000001,-2.8
1932,Switzerland,CHE,Säntis,47.256459,9.317421000000001,-1.7
1933,Switzerland,CHE,Säntis,47.256459,9.317421000000001,-2.8
1934,Switzerland,CHE,Säntis,47.256459,9.317421000000001,-1.0
1935,Switzerland,CHE,Säntis,47.256459,9.317421000000001,-2.7
1936,Switzerland,CHE,Säntis,47.256459,9.317421000000001,-2.2
1937,Switzerland,CHE,Säntis,47.256459,9.317421000000001,-2.3
1938,Switzerland,CHE,Säntis,47.256459,9.317421000000001,-2.0
1939,Switzerland,CHE,Säntis,47.256459,9.317421000000001,-2.4
1940,Switzerland,CHE,Säntis,47.256459,9.317421000000001,-3.1
1941,Switzerland,CHE,Säntis,47.256459,9.317421000000001,-3.0
1942,Switzerland,CHE,Säntis,47.256459,9.317421000000001,-1.9
1943,Switzerland,CHE,Säntis,47.256459,9.317421000000001,-1.1
1944,Switzerland,CHE,Säntis,47.256459,9.317421000000001,-2.8
1945,Switzerland,CHE,Säntis,47.256459,9.317421000000001,-1.6
1946,Switzerland,CHE,Säntis,47.256459,9.317421000000001,-1.5
1947,Switzerland,CHE,Säntis,47.256459,9.317421000000001,-0.9
1948,Switzerland,CHE,Säntis,47.256459,9.317421000000001,-0.9
1949,Switzerland,CHE,Säntis,47.256459,9.317421000000001,-1.1
1950,Switzerland,CHE,Säntis,47.256459,9.317421000000001,-1.3
1951,Switzerland,CHE,Säntis,47.256459,9.317421000000001,-1.5
1952,Switzerland,CHE,Säntis,47.256459,9.317421000000001,-2.5
1953,Switzerland,CHE,Säntis,47.256459,9.317421000000001,-1.0
1954,Switzerland,CHE,Säntis,47.256459,9.317421000000001,-2.6
1955,Switzerland,CHE,Säntis,47.256459,9.317421000000001,-2.4
1956,Switzerland,CHE,Säntis,47.256459,9.317421000000001,-3.3
1957,Switzerland,CHE,Säntis,47.256459,9.317421000000001,-1.4
1958,Switzerland,CHE,Säntis,47.256459,9.317421000000001,-1.6
1959,Switzerland,CHE,Säntis,47.256459,9.317421000000001,-0.8
1960,Switzerland,CHE,Säntis,47.256459,9.317421000000001,-2.2
1961,Switzerland,CHE,Säntis,47.256459,9.317421000000001,-0.9
1962,Switzerland,CHE,Säntis,47.256459,9.317421000000001,-2.9
1963,Switzerland,CHE,Säntis,47.256459,9.317421000000001,-2.3
1964,Switzerland,CHE,Säntis,47.256459,9.317421000000001,-1.2
1965,Switzerland,CHE,Säntis,47.256459,9.317421000000001,-3.1
1966,Switzerland,CHE,Säntis,47.256459,9.317421000000001,-2.2
1967,Switzerland,CHE,Säntis,47.256459,9.317421000000001,-1.8
1968,Switzerland,CHE,Säntis,47.256459,9.317421000000001,-2.1
1969,Switzerland,CHE,Säntis,47.256459,9.317421000000001,-2.3
1970,Switzerland,CHE,Säntis,47.256459,9.317421000000001,-2.7
1971,Switzerland,CHE,Säntis,47.256459,9.317421000000001,-1.6
1972,Switzerland,CHE,Säntis,47.256459,9.317421000000001,-2.1
1973,Switzerland,CHE,Säntis,47.256459,9.317421000000001,-2.3
1974,Switzerland,CHE,Säntis,47.256459,9.317421000000001,-2.6
1975,Switzerland,CHE,Säntis,47.256459,9.317421000000001,-1.4
1976,Switzerland,CHE,Säntis,47.256459,9.317421000000001,-2.0
1977,Switzerland,CHE,Säntis,47.256459,9.317421000000001,-1.7
1978,Switzerland,CHE,Säntis,47.256459,9.317421000000001,-2.1
1979,Switzerland,CHE,Säntis,47.256459,9.317421000000001,-2.2
1980,Switzerland,CHE,Säntis,47.256459,9.317421000000001,-2.8
1981,Switzerland,CHE,Säntis,47.256459,9.317421000000001,-2.5
1982,Switzerland,CHE,Säntis,47.256459,9.317421000000001,-1.2
1983,Switzerland,CHE,Säntis,47.256459,9.317421000000001,-0.8
1984,Switzerland,CHE,Säntis,47.256459,9.317421000000001,-2.6
1985,Switzerland,CHE,Säntis,47.256459,9.317421000000001,-2.1
1986,Switzerland,CHE,Säntis,47.256459,9.317421000000001,-1.8
1987,Switzerland,CHE,Säntis,47.256459,9.317421000000001,-1.8
1988,Switzerland,CHE,Säntis,47.256459,9.317421000000001,-1.4
1989,Switzerland,CHE,Säntis,47.256459,9.317421000000001,-0.2
1990,Switzerland,CHE,Säntis,47.256459,9.317421000000001,-0.9
1991,Switzerland,CHE,Säntis,47.256459,9.317421000000001,-1.4
1992,Switzerland,CHE,Säntis,47.256459,9.317421000000001,-0.4
1993,Switzerland,CHE,Säntis,47.256459,9.317421000000001,-1.3
1994,Switzerland,CHE,Säntis,47.256459,9.317421000000001,-0.4
1995,Switzerland,CHE,Säntis,47.256459,9.317421000000001,-1.6
1996,Switzerland,CHE,Säntis,47.256459,9.317421000000001,-1.7
1997,Switzerland,CHE,Säntis,47.256459,9.317421000000001,-0.4
1998,Switzerland,CHE,Säntis,47.256459,9.317421000000001,-1.2
1999,Switzerland,CHE,Säntis,47.256459,9.317421000000001,-1.1
2000,Switzerland,CHE,Säntis,47.256459,9.317421000000001,-0.6
2001,Switzerland,CHE,Säntis,47.256459,9.317421000000001,-1.1
2002,Switzerland,CHE,Säntis,47.256459,9.317421000000001,-0.4
2003,Switzerland,CHE,Säntis,47.256459,9.317421000000001,-0.1
2004,Switzerland,CHE,Säntis,47.256459,9.317421000000001,-1.3
2005,Switzerland,CHE,Säntis,47.256459,9.317421000000001,-1.8
2006,Switzerland,CHE,Säntis,47.256459,9.317421000000001,-0.3
2007,Switzerland,CHE,Säntis,47.256459,9.317421000000001,-0.5
2008,Switzerland,CHE,Säntis,47.256459,9.317421000000001,-0.9
2009,Switzerland,CHE,Säntis,47.256459,9.317421000000001,-1.0
2010,Switzerland,CHE,Säntis,47.256459,9.317421000000001,-2.1
2011,Switzerland,CHE,Säntis,47.256459,9.317421000000001,0.3
2012,Switzerland,CHE,Säntis,47.256459,9.317421000000001,-0.7
2013,Switzerland,CHE,Säntis,47.256459,9.317421000000001,-1.1
2014,Switzerland,CHE,Säntis,47.256459,9.317421000000001,-0.1
2015,Switzerland,CHE,Säntis,47.256459,9.317421000000001,0.2
2016,Switzerland,CHE,Säntis,47.256459,9.317421000000001,-0.6
2017,Switzerland,CHE,Säntis,47.256459,9.317421000000001,-0.6
2018,Switzerland,CHE,Säntis,47.256459,9.317421000000001,0.3
2019,Switzerland,CHE,Säntis,47.256459,9.317421000000001,-0.1
1931,Switzerland,CHE,Samedan,46.438365000000005,9.870266,0.6
1932,Switzerland,CHE,Samedan,46.438365000000005,9.870266,1.0
1933,Switzerland,CHE,Samedan,46.438365000000005,9.870266,0.6
1934,Switzerland,CHE,Samedan,46.438365000000005,9.870266,1.5
1935,Switzerland,CHE,Samedan,46.438365000000005,9.870266,0.7
1936,Switzerland,CHE,Samedan,46.438365000000005,9.870266,1.2
1937,Switzerland,CHE,Samedan,46.438365000000005,9.870266,1.4
1938,Switzerland,CHE,Samedan,46.438365000000005,9.870266,1.1
1939,Switzerland,CHE,Samedan,46.438365000000005,9.870266,0.9
1940,Switzerland,CHE,Samedan,46.438365000000005,9.870266,0.2
1941,Switzerland,CHE,Samedan,46.438365000000005,9.870266,0.4
1942,Switzerland,CHE,Samedan,46.438365000000005,9.870266,1.7
1943,Switzerland,CHE,Samedan,46.438365000000005,9.870266,2.0
1944,Switzerland,CHE,Samedan,46.438365000000005,9.870266,0.9
1945,Switzerland,CHE,Samedan,46.438365000000005,9.870266,1.6
1946,Switzerland,CHE,Samedan,46.438365000000005,9.870266,1.5
1947,Switzerland,CHE,Samedan,46.438365000000005,9.870266,2.3
1948,Switzerland,CHE,Samedan,46.438365000000005,9.870266,2.0
1949,Switzerland,CHE,Samedan,46.438365000000005,9.870266,1.9
1950,Switzerland,CHE,Samedan,46.438365000000005,9.870266,1.5
1951,Switzerland,CHE,Samedan,46.438365000000005,9.870266,1.7
1952,Switzerland,CHE,Samedan,46.438365000000005,9.870266,1.4
1953,Switzerland,CHE,Samedan,46.438365000000005,9.870266,1.7
1954,Switzerland,CHE,Samedan,46.438365000000005,9.870266,1.4
1955,Switzerland,CHE,Samedan,46.438365000000005,9.870266,1.0
1956,Switzerland,CHE,Samedan,46.438365000000005,9.870266,-0.1
1957,Switzerland,CHE,Samedan,46.438365000000005,9.870266,1.3
1958,Switzerland,CHE,Samedan,46.438365000000005,9.870266,1.1
1959,Switzerland,CHE,Samedan,46.438365000000005,9.870266,1.4
1960,Switzerland,CHE,Samedan,46.438365000000005,9.870266,0.8
1961,Switzerland,CHE,Samedan,46.438365000000005,9.870266,1.8
1962,Switzerland,CHE,Samedan,46.438365000000005,9.870266,0.4
1963,Switzerland,CHE,Samedan,46.438365000000005,9.870266,0.3
1964,Switzerland,CHE,Samedan,46.438365000000005,9.870266,1.8
1965,Switzerland,CHE,Samedan,46.438365000000005,9.870266,0.4
1966,Switzerland,CHE,Samedan,46.438365000000005,9.870266,1.4
1967,Switzerland,CHE,Samedan,46.438365000000005,9.870266,0.9
1968,Switzerland,CHE,Samedan,46.438365000000005,9.870266,0.8
1969,Switzerland,CHE,Samedan,46.438365000000005,9.870266,0.9
1970,Switzerland,CHE,Samedan,46.438365000000005,9.870266,0.7
1971,Switzerland,CHE,Samedan,46.438365000000005,9.870266,1.1
1972,Switzerland,CHE,Samedan,46.438365000000005,9.870266,1.2
1973,Switzerland,CHE,Samedan,46.438365000000005,9.870266,1.2
1974,Switzerland,CHE,Samedan,46.438365000000005,9.870266,1.4
1975,Switzerland,CHE,Samedan,46.438365000000005,9.870266,1.1
1976,Switzerland,CHE,Samedan,46.438365000000005,9.870266,1.2
1977,Switzerland,CHE,Samedan,46.438365000000005,9.870266,1.4
1978,Switzerland,CHE,Samedan,46.438365000000005,9.870266,1.0
1979,Switzerland,CHE,Samedan,46.438365000000005,9.870266,1.0
1980,Switzerland,CHE,Samedan,46.438365000000005,9.870266,0.5
1981,Switzerland,CHE,Samedan,46.438365000000005,9.870266,1.3
1982,Switzerland,CHE,Samedan,46.438365000000005,9.870266,1.9
1983,Switzerland,CHE,Samedan,46.438365000000005,9.870266,1.7
1984,Switzerland,CHE,Samedan,46.438365000000005,9.870266,0.7
1985,Switzerland,CHE,Samedan,46.438365000000005,9.870266,1.1
1986,Switzerland,CHE,Samedan,46.438365000000005,9.870266,1.4
1987,Switzerland,CHE,Samedan,46.438365000000005,9.870266,1.6
1988,Switzerland,CHE,Samedan,46.438365000000005,9.870266,2.5
1989,Switzerland,CHE,Samedan,46.438365000000005,9.870266,2.2
1990,Switzerland,CHE,Samedan,46.438365000000005,9.870266,2.0
1991,Switzerland,CHE,Samedan,46.438365000000005,9.870266,1.2
1992,Switzerland,CHE,Samedan,46.438365000000005,9.870266,1.6
1993,Switzerland,CHE,Samedan,46.438365000000005,9.870266,1.8
1994,Switzerland,CHE,Samedan,46.438365000000005,9.870266,3.1
1995,Switzerland,CHE,Samedan,46.438365000000005,9.870266,1.9
1996,Switzerland,CHE,Samedan,46.438365000000005,9.870266,1.4
1997,Switzerland,CHE,Samedan,46.438365000000005,9.870266,1.9
1998,Switzerland,CHE,Samedan,46.438365000000005,9.870266,1.9
1999,Switzerland,CHE,Samedan,46.438365000000005,9.870266,1.9
2000,Switzerland,CHE,Samedan,46.438365000000005,9.870266,2.4
2001,Switzerland,CHE,Samedan,46.438365000000005,9.870266,2.2
2002,Switzerland,CHE,Samedan,46.438365000000005,9.870266,2.9
2003,Switzerland,CHE,Samedan,46.438365000000005,9.870266,2.4
2004,Switzerland,CHE,Samedan,46.438365000000005,9.870266,2.2
2005,Switzerland,CHE,Samedan,46.438365000000005,9.870266,1.5
2006,Switzerland,CHE,Samedan,46.438365000000005,9.870266,2.5
2007,Switzerland,CHE,Samedan,46.438365000000005,9.870266,2.8
2008,Switzerland,CHE,Samedan,46.438365000000005,9.870266,2.4
2009,Switzerland,CHE,Samedan,46.438365000000005,9.870266,2.2
2010,Switzerland,CHE,Samedan,46.438365000000005,9.870266,1.5
2011,Switzerland,CHE,Samedan,46.438365000000005,9.870266,2.9
2012,Switzerland,CHE,Samedan,46.438365000000005,9.870266,2.4
2013,Switzerland,CHE,Samedan,46.438365000000005,9.870266,2.1
2014,Switzerland,CHE,Samedan,46.438365000000005,9.870266,3.2
2015,Switzerland,CHE,Samedan,46.438365000000005,9.870266,3.4
2016,Switzerland,CHE,Samedan,46.438365000000005,9.870266,2.8
2017,Switzerland,CHE,Samedan,46.438365000000005,9.870266,2.6
2018,Switzerland,CHE,Samedan,46.438365000000005,9.870266,3.1
2019,Switzerland,CHE,Samedan,46.438365000000005,9.870266,2.8
1931,Switzerland,CHE,Sitten,46.2276,7.3599429999999995,8.1
1932,Switzerland,CHE,Sitten,46.2276,7.3599429999999995,8.7
1933,Switzerland,CHE,Sitten,46.2276,7.3599429999999995,8.8
1934,Switzerland,CHE,Sitten,46.2276,7.3599429999999995,9.4
1935,Switzerland,CHE,Sitten,46.2276,7.3599429999999995,8.9
1936,Switzerland,CHE,Sitten,46.2276,7.3599429999999995,9.1
1937,Switzerland,CHE,Sitten,46.2276,7.3599429999999995,9.5
1938,Switzerland,CHE,Sitten,46.2276,7.3599429999999995,9.2
1939,Switzerland,CHE,Sitten,46.2276,7.3599429999999995,8.9
1940,Switzerland,CHE,Sitten,46.2276,7.3599429999999995,8.1
1941,Switzerland,CHE,Sitten,46.2276,7.3599429999999995,8.2
1942,Switzerland,CHE,Sitten,46.2276,7.3599429999999995,9.0
1943,Switzerland,CHE,Sitten,46.2276,7.3599429999999995,9.9
1944,Switzerland,CHE,Sitten,46.2276,7.3599429999999995,8.5
1945,Switzerland,CHE,Sitten,46.2276,7.3599429999999995,9.4
1946,Switzerland,CHE,Sitten,46.2276,7.3599429999999995,9.2
1947,Switzerland,CHE,Sitten,46.2276,7.3599429999999995,10.3
1948,Switzerland,CHE,Sitten,46.2276,7.3599429999999995,9.7
1949,Switzerland,CHE,Sitten,46.2276,7.3599429999999995,10.0
1950,Switzerland,CHE,Sitten,46.2276,7.3599429999999995,9.6
1951,Switzerland,CHE,Sitten,46.2276,7.3599429999999995,9.4
1952,Switzerland,CHE,Sitten,46.2276,7.3599429999999995,9.2
1953,Switzerland,CHE,Sitten,46.2276,7.3599429999999995,9.1
1954,Switzerland,CHE,Sitten,46.2276,7.3599429999999995,8.7
1955,Switzerland,CHE,Sitten,46.2276,7.3599429999999995,9.0
1956,Switzerland,CHE,Sitten,46.2276,7.3599429999999995,7.9
1957,Switzerland,CHE,Sitten,46.2276,7.3599429999999995,9.1
1958,Switzerland,CHE,Sitten,46.2276,7.3599429999999995,9.0
1959,Switzerland,CHE,Sitten,46.2276,7.3599429999999995,10.1
1960,Switzerland,CHE,Sitten,46.2276,7.3599429999999995,9.5
1961,Switzerland,CHE,Sitten,46.2276,7.3599429999999995,10.0
1962,Switzerland,CHE,Sitten,46.2276,7.3599429999999995,8.7
1963,Switzerland,CHE,Sitten,46.2276,7.3599429999999995,8.4
1964,Switzerland,CHE,Sitten,46.2276,7.3599429999999995,9.2
1965,Switzerland,CHE,Sitten,46.2276,7.3599429999999995,8.3
1966,Switzerland,CHE,Sitten,46.2276,7.3599429999999995,9.4
1967,Switzerland,CHE,Sitten,46.2276,7.3599429999999995,9.5
1968,Switzerland,CHE,Sitten,46.2276,7.3599429999999995,9.3
1969,Switzerland,CHE,Sitten,46.2276,7.3599429999999995,8.8
1970,Switzerland,CHE,Sitten,46.2276,7.3599429999999995,9.0
1971,Switzerland,CHE,Sitten,46.2276,7.3599429999999995,9.1
1972,Switzerland,CHE,Sitten,46.2276,7.3599429999999995,9.2
1973,Switzerland,CHE,Sitten,46.2276,7.3599429999999995,8.8
1974,Switzerland,CHE,Sitten,46.2276,7.3599429999999995,9.3
1975,Switzerland,CHE,Sitten,46.2276,7.3599429999999995,9.3
1976,Switzerland,CHE,Sitten,46.2276,7.3599429999999995,9.4
1977,Switzerland,CHE,Sitten,46.2276,7.3599429999999995,9.4
1978,Switzerland,CHE,Sitten,46.2276,7.3599429999999995,8.2
1979,Switzerland,CHE,Sitten,46.2276,7.3599429999999995,9.0
1980,Switzerland,CHE,Sitten,46.2276,7.3599429999999995,8.2
1981,Switzerland,CHE,Sitten,46.2276,7.3599429999999995,9.2
1982,Switzerland,CHE,Sitten,46.2276,7.3599429999999995,9.8
1983,Switzerland,CHE,Sitten,46.2276,7.3599429999999995,9.5
1984,Switzerland,CHE,Sitten,46.2276,7.3599429999999995,8.9
1985,Switzerland,CHE,Sitten,46.2276,7.3599429999999995,8.7
1986,Switzerland,CHE,Sitten,46.2276,7.3599429999999995,9.4
1987,Switzerland,CHE,Sitten,46.2276,7.3599429999999995,9.3
1988,Switzerland,CHE,Sitten,46.2276,7.3599429999999995,10.1
1989,Switzerland,CHE,Sitten,46.2276,7.3599429999999995,9.9
1990,Switzerland,CHE,Sitten,46.2276,7.3599429999999995,10.2
1991,Switzerland,CHE,Sitten,46.2276,7.3599429999999995,9.7
1992,Switzerland,CHE,Sitten,46.2276,7.3599429999999995,10.2
1993,Switzerland,CHE,Sitten,46.2276,7.3599429999999995,10.3
1994,Switzerland,CHE,Sitten,46.2276,7.3599429999999995,11.1
1995,Switzerland,CHE,Sitten,46.2276,7.3599429999999995,10.2
1996,Switzerland,CHE,Sitten,46.2276,7.3599429999999995,9.9
1997,Switzerland,CHE,Sitten,46.2276,7.3599429999999995,10.6
1998,Switzerland,CHE,Sitten,46.2276,7.3599429999999995,10.2
1999,Switzerland,CHE,Sitten,46.2276,7.3599429999999995,10.1
2000,Switzerland,CHE,Sitten,46.2276,7.3599429999999995,10.8
2001,Switzerland,CHE,Sitten,46.2276,7.3599429999999995,10.3
2002,Switzerland,CHE,Sitten,46.2276,7.3599429999999995,10.9
2003,Switzerland,CHE,Sitten,46.2276,7.3599429999999995,11.3
2004,Switzerland,CHE,Sitten,46.2276,7.3599429999999995,10.4
2005,Switzerland,CHE,Sitten,46.2276,7.3599429999999995,9.8
2006,Switzerland,CHE,Sitten,46.2276,7.3599429999999995,10.6
2007,Switzerland,CHE,Sitten,46.2276,7.3599429999999995,10.8
2008,Switzerland,CHE,Sitten,46.2276,7.3599429999999995,10.8
2009,Switzerland,CHE,Sitten,46.2276,7.3599429999999995,10.7
2010,Switzerland,CHE,Sitten,46.2276,7.3599429999999995,10.1
2011,Switzerland,CHE,Sitten,46.2276,7.3599429999999995,11.3
2012,Switzerland,CHE,Sitten,46.2276,7.3599429999999995,11.0
2013,Switzerland,CHE,Sitten,46.2276,7.3599429999999995,10.4
2014,Switzerland,CHE,Sitten,46.2276,7.3599429999999995,11.8
2015,Switzerland,CHE,Sitten,46.2276,7.3599429999999995,11.5
2016,Switzerland,CHE,Sitten,46.2276,7.3599429999999995,11.2
2017,Switzerland,CHE,Sitten,46.2276,7.3599429999999995,11.3
2018,Switzerland,CHE,Sitten,46.2276,7.3599429999999995,12.4
2019,Switzerland,CHE,Sitten,46.2276,7.3599429999999995,11.8
1931,Switzerland,CHE,St. Gallen,47.424479999999996,9.376717,6.2
1932,Switzerland,CHE,St. Gallen,47.424479999999996,9.376717,6.8
1933,Switzerland,CHE,St. Gallen,47.424479999999996,9.376717,6.3
1934,Switzerland,CHE,St. Gallen,47.424479999999996,9.376717,7.9
1935,Switzerland,CHE,St. Gallen,47.424479999999996,9.376717,6.9
1936,Switzerland,CHE,St. Gallen,47.424479999999996,9.376717,7.3
1937,Switzerland,CHE,St. Gallen,47.424479999999996,9.376717,7.6
1938,Switzerland,CHE,St. Gallen,47.424479999999996,9.376717,7.1
1939,Switzerland,CHE,St. Gallen,47.424479999999996,9.376717,6.9
1940,Switzerland,CHE,St. Gallen,47.424479999999996,9.376717,6.1
1941,Switzerland,CHE,St. Gallen,47.424479999999996,9.376717,6.4
1942,Switzerland,CHE,St. Gallen,47.424479999999996,9.376717,6.9
1943,Switzerland,CHE,St. Gallen,47.424479999999996,9.376717,7.9
1944,Switzerland,CHE,St. Gallen,47.424479999999996,9.376717,7.0
1945,Switzerland,CHE,St. Gallen,47.424479999999996,9.376717,7.7
1946,Switzerland,CHE,St. Gallen,47.424479999999996,9.376717,7.5
1947,Switzerland,CHE,St. Gallen,47.424479999999996,9.376717,8.2
1948,Switzerland,CHE,St. Gallen,47.424479999999996,9.376717,7.8
1949,Switzerland,CHE,St. Gallen,47.424479999999996,9.376717,8.0
1950,Switzerland,CHE,St. Gallen,47.424479999999996,9.376717,7.9
1951,Switzerland,CHE,St. Gallen,47.424479999999996,9.376717,7.8
1952,Switzerland,CHE,St. Gallen,47.424479999999996,9.376717,7.4
1953,Switzerland,CHE,St. Gallen,47.424479999999996,9.376717,7.4
1954,Switzerland,CHE,St. Gallen,47.424479999999996,9.376717,6.8
1955,Switzerland,CHE,St. Gallen,47.424479999999996,9.376717,6.8
1956,Switzerland,CHE,St. Gallen,47.424479999999996,9.376717,6.0
1957,Switzerland,CHE,St. Gallen,47.424479999999996,9.376717,7.5
1958,Switzerland,CHE,St. Gallen,47.424479999999996,9.376717,7.5
1959,Switzerland,CHE,St. Gallen,47.424479999999996,9.376717,7.9
1960,Switzerland,CHE,St. Gallen,47.424479999999996,9.376717,7.6
1961,Switzerland,CHE,St. Gallen,47.424479999999996,9.376717,8.4
1962,Switzerland,CHE,St. Gallen,47.424479999999996,9.376717,6.5
1963,Switzerland,CHE,St. Gallen,47.424479999999996,9.376717,6.3
1964,Switzerland,CHE,St. Gallen,47.424479999999996,9.376717,7.3
1965,Switzerland,CHE,St. Gallen,47.424479999999996,9.376717,6.6
1966,Switzerland,CHE,St. Gallen,47.424479999999996,9.376717,7.8
1967,Switzerland,CHE,St. Gallen,47.424479999999996,9.376717,7.7
1968,Switzerland,CHE,St. Gallen,47.424479999999996,9.376717,7.2
1969,Switzerland,CHE,St. Gallen,47.424479999999996,9.376717,6.9
1970,Switzerland,CHE,St. Gallen,47.424479999999996,9.376717,7.0
1971,Switzerland,CHE,St. Gallen,47.424479999999996,9.376717,7.3
1972,Switzerland,CHE,St. Gallen,47.424479999999996,9.376717,6.9
1973,Switzerland,CHE,St. Gallen,47.424479999999996,9.376717,7.1
1974,Switzerland,CHE,St. Gallen,47.424479999999996,9.376717,7.8
1975,Switzerland,CHE,St. Gallen,47.424479999999996,9.376717,7.6
1976,Switzerland,CHE,St. Gallen,47.424479999999996,9.376717,7.5
1977,Switzerland,CHE,St. Gallen,47.424479999999996,9.376717,7.9
1978,Switzerland,CHE,St. Gallen,47.424479999999996,9.376717,6.8
1979,Switzerland,CHE,St. Gallen,47.424479999999996,9.376717,7.5
1980,Switzerland,CHE,St. Gallen,47.424479999999996,9.376717,6.8
1981,Switzerland,CHE,St. Gallen,47.424479999999996,9.376717,7.5
1982,Switzerland,CHE,St. Gallen,47.424479999999996,9.376717,8.1
1983,Switzerland,CHE,St. Gallen,47.424479999999996,9.376717,8.2
1984,Switzerland,CHE,St. Gallen,47.424479999999996,9.376717,7.0
1985,Switzerland,CHE,St. Gallen,47.424479999999996,9.376717,7.0
1986,Switzerland,CHE,St. Gallen,47.424479999999996,9.376717,7.3
1987,Switzerland,CHE,St. Gallen,47.424479999999996,9.376717,7.3
1988,Switzerland,CHE,St. Gallen,47.424479999999996,9.376717,8.4
1989,Switzerland,CHE,St. Gallen,47.424479999999996,9.376717,8.5
1990,Switzerland,CHE,St. Gallen,47.424479999999996,9.376717,8.8
1991,Switzerland,CHE,St. Gallen,47.424479999999996,9.376717,7.5
1992,Switzerland,CHE,St. Gallen,47.424479999999996,9.376717,8.6
1993,Switzerland,CHE,St. Gallen,47.424479999999996,9.376717,8.0
1994,Switzerland,CHE,St. Gallen,47.424479999999996,9.376717,9.4
1995,Switzerland,CHE,St. Gallen,47.424479999999996,9.376717,8.1
1996,Switzerland,CHE,St. Gallen,47.424479999999996,9.376717,6.9
1997,Switzerland,CHE,St. Gallen,47.424479999999996,9.376717,8.5
1998,Switzerland,CHE,St. Gallen,47.424479999999996,9.376717,8.6
1999,Switzerland,CHE,St. Gallen,47.424479999999996,9.376717,8.4
2000,Switzerland,CHE,St. Gallen,47.424479999999996,9.376717,9.4
2001,Switzerland,CHE,St. Gallen,47.424479999999996,9.376717,8.4
2002,Switzerland,CHE,St. Gallen,47.424479999999996,9.376717,9.1
2003,Switzerland,CHE,St. Gallen,47.424479999999996,9.376717,9.1
2004,Switzerland,CHE,St. Gallen,47.424479999999996,9.376717,8.2
2005,Switzerland,CHE,St. Gallen,47.424479999999996,9.376717,8.1
2006,Switzerland,CHE,St. Gallen,47.424479999999996,9.376717,8.8
2007,Switzerland,CHE,St. Gallen,47.424479999999996,9.376717,9.1
2008,Switzerland,CHE,St. Gallen,47.424479999999996,9.376717,8.6
2009,Switzerland,CHE,St. Gallen,47.424479999999996,9.376717,8.9
2010,Switzerland,CHE,St. Gallen,47.424479999999996,9.376717,7.6
2011,Switzerland,CHE,St. Gallen,47.424479999999996,9.376717,9.4
2012,Switzerland,CHE,St. Gallen,47.424479999999996,9.376717,8.6
2013,Switzerland,CHE,St. Gallen,47.424479999999996,9.376717,7.9
2014,Switzerland,CHE,St. Gallen,47.424479999999996,9.376717,9.6
2015,Switzerland,CHE,St. Gallen,47.424479999999996,9.376717,9.6
2016,Switzerland,CHE,St. Gallen,47.424479999999996,9.376717,9.0
2017,Switzerland,CHE,St. Gallen,47.424479999999996,9.376717,9.1
2018,Switzerland,CHE,St. Gallen,47.424479999999996,9.376717,9.9
2019,Switzerland,CHE,St. Gallen,47.424479999999996,9.376717,9.5
1931,Switzerland,CHE,Zürich-Fluntern,47.382096999999995,8.566803,7.4
1932,Switzerland,CHE,Zürich-Fluntern,47.382096999999995,8.566803,7.8
1933,Switzerland,CHE,Zürich-Fluntern,47.382096999999995,8.566803,7.6
1934,Switzerland,CHE,Zürich-Fluntern,47.382096999999995,8.566803,8.9
1935,Switzerland,CHE,Zürich-Fluntern,47.382096999999995,8.566803,8.2
1936,Switzerland,CHE,Zürich-Fluntern,47.382096999999995,8.566803,8.4
1937,Switzerland,CHE,Zürich-Fluntern,47.382096999999995,8.566803,8.6
1938,Switzerland,CHE,Zürich-Fluntern,47.382096999999995,8.566803,8.2
1939,Switzerland,CHE,Zürich-Fluntern,47.382096999999995,8.566803,7.9
1940,Switzerland,CHE,Zürich-Fluntern,47.382096999999995,8.566803,7.1
1941,Switzerland,CHE,Zürich-Fluntern,47.382096999999995,8.566803,7.4
1942,Switzerland,CHE,Zürich-Fluntern,47.382096999999995,8.566803,7.9
1943,Switzerland,CHE,Zürich-Fluntern,47.382096999999995,8.566803,9.2
1944,Switzerland,CHE,Zürich-Fluntern,47.382096999999995,8.566803,8.2
1945,Switzerland,CHE,Zürich-Fluntern,47.382096999999995,8.566803,9.0
1946,Switzerland,CHE,Zürich-Fluntern,47.382096999999995,8.566803,8.6
1947,Switzerland,CHE,Zürich-Fluntern,47.382096999999995,8.566803,9.4
1948,Switzerland,CHE,Zürich-Fluntern,47.382096999999995,8.566803,8.9
1949,Switzerland,CHE,Zürich-Fluntern,47.382096999999995,8.566803,9.4
1950,Switzerland,CHE,Zürich-Fluntern,47.382096999999995,8.566803,9.0
1951,Switzerland,CHE,Zürich-Fluntern,47.382096999999995,8.566803,8.6
1952,Switzerland,CHE,Zürich-Fluntern,47.382096999999995,8.566803,8.6
1953,Switzerland,CHE,Zürich-Fluntern,47.382096999999995,8.566803,8.5
1954,Switzerland,CHE,Zürich-Fluntern,47.382096999999995,8.566803,8.0
1955,Switzerland,CHE,Zürich-Fluntern,47.382096999999995,8.566803,8.1
1956,Switzerland,CHE,Zürich-Fluntern,47.382096999999995,8.566803,7.1
1957,Switzerland,CHE,Zürich-Fluntern,47.382096999999995,8.566803,8.6
1958,Switzerland,CHE,Zürich-Fluntern,47.382096999999995,8.566803,8.6
1959,Switzerland,CHE,Zürich-Fluntern,47.382096999999995,8.566803,9.2
1960,Switzerland,CHE,Zürich-Fluntern,47.382096999999995,8.566803,8.6
1961,Switzerland,CHE,Zürich-Fluntern,47.382096999999995,8.566803,9.5
1962,Switzerland,CHE,Zürich-Fluntern,47.382096999999995,8.566803,7.6
1963,Switzerland,CHE,Zürich-Fluntern,47.382096999999995,8.566803,7.4
1964,Switzerland,CHE,Zürich-Fluntern,47.382096999999995,8.566803,8.5
1965,Switzerland,CHE,Zürich-Fluntern,47.382096999999995,8.566803,7.6
1966,Switzerland,CHE,Zürich-Fluntern,47.382096999999995,8.566803,8.7
1967,Switzerland,CHE,Zürich-Fluntern,47.382096999999995,8.566803,8.7
1968,Switzerland,CHE,Zürich-Fluntern,47.382096999999995,8.566803,8.2
1969,Switzerland,CHE,Zürich-Fluntern,47.382096999999995,8.566803,8.0
1970,Switzerland,CHE,Zürich-Fluntern,47.382096999999995,8.566803,7.9
1971,Switzerland,CHE,Zürich-Fluntern,47.382096999999995,8.566803,8.3
1972,Switzerland,CHE,Zürich-Fluntern,47.382096999999995,8.566803,7.9
1973,Switzerland,CHE,Zürich-Fluntern,47.382096999999995,8.566803,8.0
1974,Switzerland,CHE,Zürich-Fluntern,47.382096999999995,8.566803,8.9
1975,Switzerland,CHE,Zürich-Fluntern,47.382096999999995,8.566803,8.6
1976,Switzerland,CHE,Zürich-Fluntern,47.382096999999995,8.566803,8.6
1977,Switzerland,CHE,Zürich-Fluntern,47.382096999999995,8.566803,8.9
1978,Switzerland,CHE,Zürich-Fluntern,47.382096999999995,8.566803,7.9
1979,Switzerland,CHE,Zürich-Fluntern,47.382096999999995,8.566803,8.5
1980,Switzerland,CHE,Zürich-Fluntern,47.382096999999995,8.566803,7.9
1981,Switzerland,CHE,Zürich-Fluntern,47.382096999999995,8.566803,8.6
1982,Switzerland,CHE,Zürich-Fluntern,47.382096999999995,8.566803,9.2
1983,Switzerland,CHE,Zürich-Fluntern,47.382096999999995,8.566803,9.3
1984,Switzerland,CHE,Zürich-Fluntern,47.382096999999995,8.566803,8.3
1985,Switzerland,CHE,Zürich-Fluntern,47.382096999999995,8.566803,8.2
1986,Switzerland,CHE,Zürich-Fluntern,47.382096999999995,8.566803,8.4
1987,Switzerland,CHE,Zürich-Fluntern,47.382096999999995,8.566803,8.3
1988,Switzerland,CHE,Zürich-Fluntern,47.382096999999995,8.566803,9.4
1989,Switzerland,CHE,Zürich-Fluntern,47.382096999999995,8.566803,9.4
1990,Switzerland,CHE,Zürich-Fluntern,47.382096999999995,8.566803,9.7
1991,Switzerland,CHE,Zürich-Fluntern,47.382096999999995,8.566803,8.9
1992,Switzerland,CHE,Zürich-Fluntern,47.382096999999995,8.566803,9.5
1993,Switzerland,CHE,Zürich-Fluntern,47.382096999999995,8.566803,9.1
1994,Switzerland,CHE,Zürich-Fluntern,47.382096999999995,8.566803,10.5
1995,Switzerland,CHE,Zürich-Fluntern,47.382096999999995,8.566803,9.2
1996,Switzerland,CHE,Zürich-Fluntern,47.382096999999995,8.566803,8.1
1997,Switzerland,CHE,Zürich-Fluntern,47.382096999999995,8.566803,9.4
1998,Switzerland,CHE,Zürich-Fluntern,47.382096999999995,8.566803,9.5
1999,Switzerland,CHE,Zürich-Fluntern,47.382096999999995,8.566803,9.4
2000,Switzerland,CHE,Zürich-Fluntern,47.382096999999995,8.566803,10.2
2001,Switzerland,CHE,Zürich-Fluntern,47.382096999999995,8.566803,9.4
2002,Switzerland,CHE,Zürich-Fluntern,47.382096999999995,8.566803,10.2
2003,Switzerland,CHE,Zürich-Fluntern,47.382096999999995,8.566803,10.1
2004,Switzerland,CHE,Zürich-Fluntern,47.382096999999995,8.566803,9.5
2005,Switzerland,CHE,Zürich-Fluntern,47.382096999999995,8.566803,9.3
2006,Switzerland,CHE,Zürich-Fluntern,47.382096999999995,8.566803,9.8
2007,Switzerland,CHE,Zürich-Fluntern,47.382096999999995,8.566803,10.1
2008,Switzerland,CHE,Zürich-Fluntern,47.382096999999995,8.566803,9.6
2009,Switzerland,CHE,Zürich-Fluntern,47.382096999999995,8.566803,9.9
2010,Switzerland,CHE,Zürich-Fluntern,47.382096999999995,8.566803,8.8
2011,Switzerland,CHE,Zürich-Fluntern,47.382096999999995,8.566803,10.5
2012,Switzerland,CHE,Zürich-Fluntern,47.382096999999995,8.566803,9.7
2013,Switzerland,CHE,Zürich-Fluntern,47.382096999999995,8.566803,9.1
2014,Switzerland,CHE,Zürich-Fluntern,47.382096999999995,8.566803,10.6
2015,Switzerland,CHE,Zürich-Fluntern,47.382096999999995,8.566803,10.6
2016,Switzerland,CHE,Zürich-Fluntern,47.382096999999995,8.566803,9.9
2017,Switzerland,CHE,Zürich-Fluntern,47.382096999999995,8.566803,10.2
2018,Switzerland,CHE,Zürich-Fluntern,47.382096999999995,8.566803,11.1
2019,Switzerland,CHE,Zürich-Fluntern,47.382096999999995,8.566803,10.5
