Year,Country,alpha_3,Region,Latitude,Longitude,Neuschnee
1931,Switzerland,CHE,Basel-Binningen,47.53796,7.571110000000001,86.0
1932,Switzerland,CHE,Basel-Binningen,47.53796,7.571110000000001,41.0
1933,Switzerland,CHE,Basel-Binningen,47.53796,7.571110000000001,22.0
1934,Switzerland,CHE,Basel-Binningen,47.53796,7.571110000000001,19.0
1935,Switzerland,CHE,Basel-Binningen,47.53796,7.571110000000001,105.0
1936,Switzerland,CHE,Basel-Binningen,47.53796,7.571110000000001,3.0
1937,Switzerland,CHE,Basel-Binningen,47.53796,7.571110000000001,18.0
1938,Switzerland,CHE,Basel-Binningen,47.53796,7.571110000000001,59.0
1939,Switzerland,CHE,Basel-Binningen,47.53796,7.571110000000001,25.0
1940,Switzerland,CHE,Basel-Binningen,47.53796,7.571110000000001,52.0
1941,Switzerland,CHE,Basel-Binningen,47.53796,7.571110000000001,56.0
1942,Switzerland,CHE,Basel-Binningen,47.53796,7.571110000000001,69.0
1943,Switzerland,CHE,Basel-Binningen,47.53796,7.571110000000001,10.0
1944,Switzerland,CHE,Basel-Binningen,47.53796,7.571110000000001,34.0
1945,Switzerland,CHE,Basel-Binningen,47.53796,7.571110000000001,79.0
1946,Switzerland,CHE,Basel-Binningen,47.53796,7.571110000000001,11.0
1947,Switzerland,CHE,Basel-Binningen,47.53796,7.571110000000001,70.0
1948,Switzerland,CHE,Basel-Binningen,47.53796,7.571110000000001,7.0
1949,Switzerland,CHE,Basel-Binningen,47.53796,7.571110000000001,20.0
1950,Switzerland,CHE,Basel-Binningen,47.53796,7.571110000000001,29.0
1951,Switzerland,CHE,Basel-Binningen,47.53796,7.571110000000001,2.0
1952,Switzerland,CHE,Basel-Binningen,47.53796,7.571110000000001,77.0
1953,Switzerland,CHE,Basel-Binningen,47.53796,7.571110000000001,27.0
1954,Switzerland,CHE,Basel-Binningen,47.53796,7.571110000000001,34.0
1955,Switzerland,CHE,Basel-Binningen,47.53796,7.571110000000001,28.0
1956,Switzerland,CHE,Basel-Binningen,47.53796,7.571110000000001,25.0
1957,Switzerland,CHE,Basel-Binningen,47.53796,7.571110000000001,13.0
1958,Switzerland,CHE,Basel-Binningen,47.53796,7.571110000000001,37.0
1959,Switzerland,CHE,Basel-Binningen,47.53796,7.571110000000001,17.0
1960,Switzerland,CHE,Basel-Binningen,47.53796,7.571110000000001,33.0
1961,Switzerland,CHE,Basel-Binningen,47.53796,7.571110000000001,4.0
1962,Switzerland,CHE,Basel-Binningen,47.53796,7.571110000000001,74.0
1963,Switzerland,CHE,Basel-Binningen,47.53796,7.571110000000001,71.0
1964,Switzerland,CHE,Basel-Binningen,47.53796,7.571110000000001,39.0
1965,Switzerland,CHE,Basel-Binningen,47.53796,7.571110000000001,70.0
1966,Switzerland,CHE,Basel-Binningen,47.53796,7.571110000000001,43.0
1967,Switzerland,CHE,Basel-Binningen,47.53796,7.571110000000001,18.0
1968,Switzerland,CHE,Basel-Binningen,47.53796,7.571110000000001,78.0
1969,Switzerland,CHE,Basel-Binningen,47.53796,7.571110000000001,73.0
1970,Switzerland,CHE,Basel-Binningen,47.53796,7.571110000000001,70.0
1971,Switzerland,CHE,Basel-Binningen,47.53796,7.571110000000001,32.0
1972,Switzerland,CHE,Basel-Binningen,47.53796,7.571110000000001,21.0
1973,Switzerland,CHE,Basel-Binningen,47.53796,7.571110000000001,29.0
1974,Switzerland,CHE,Basel-Binningen,47.53796,7.571110000000001,1.0
1975,Switzerland,CHE,Basel-Binningen,47.53796,7.571110000000001,40.0
1976,Switzerland,CHE,Basel-Binningen,47.53796,7.571110000000001,18.0
1977,Switzerland,CHE,Basel-Binningen,47.53796,7.571110000000001,36.0
1978,Switzerland,CHE,Basel-Binningen,47.53796,7.571110000000001,30.0
1979,Switzerland,CHE,Basel-Binningen,47.53796,7.571110000000001,29.0
1980,Switzerland,CHE,Basel-Binningen,47.53796,7.571110000000001,39.0
1981,Switzerland,CHE,Basel-Binningen,47.53796,7.571110000000001,70.0
1982,Switzerland,CHE,Basel-Binningen,47.53796,7.571110000000001,22.0
1983,Switzerland,CHE,Basel-Binningen,47.53796,7.571110000000001,20.0
1984,Switzerland,CHE,Basel-Binningen,47.53796,7.571110000000001,36.0
1985,Switzerland,CHE,Basel-Binningen,47.53796,7.571110000000001,78.0
1986,Switzerland,CHE,Basel-Binningen,47.53796,7.571110000000001,111.0
1987,Switzerland,CHE,Basel-Binningen,47.53796,7.571110000000001,53.0
1988,Switzerland,CHE,Basel-Binningen,47.53796,7.571110000000001,30.0
1989,Switzerland,CHE,Basel-Binningen,47.53796,7.571110000000001,1.0
1990,Switzerland,CHE,Basel-Binningen,47.53796,7.571110000000001,24.0
1991,Switzerland,CHE,Basel-Binningen,47.53796,7.571110000000001,13.0
1992,Switzerland,CHE,Basel-Binningen,47.53796,7.571110000000001,10.0
1993,Switzerland,CHE,Basel-Binningen,47.53796,7.571110000000001,18.0
1994,Switzerland,CHE,Basel-Binningen,47.53796,7.571110000000001,1.0
1995,Switzerland,CHE,Basel-Binningen,47.53796,7.571110000000001,50.0
1996,Switzerland,CHE,Basel-Binningen,47.53796,7.571110000000001,35.0
1997,Switzerland,CHE,Basel-Binningen,47.53796,7.571110000000001,24.0
1998,Switzerland,CHE,Basel-Binningen,47.53796,7.571110000000001,18.0
1999,Switzerland,CHE,Basel-Binningen,47.53796,7.571110000000001,73.0
2000,Switzerland,CHE,Basel-Binningen,47.53796,7.571110000000001,7.0
2001,Switzerland,CHE,Basel-Binningen,47.53796,7.571110000000001,18.0
2002,Switzerland,CHE,Basel-Binningen,47.53796,7.571110000000001,1.0
2003,Switzerland,CHE,Basel-Binningen,47.53796,7.571110000000001,36.0
2004,Switzerland,CHE,Basel-Binningen,47.53796,7.571110000000001,39.0
2005,Switzerland,CHE,Basel-Binningen,47.53796,7.571110000000001,44.0
2006,Switzerland,CHE,Basel-Binningen,47.53796,7.571110000000001,77.0
2007,Switzerland,CHE,Basel-Binningen,47.53796,7.571110000000001,25.0
2008,Switzerland,CHE,Basel-Binningen,47.53796,7.571110000000001,41.0
2009,Switzerland,CHE,Basel-Binningen,47.53796,7.571110000000001,25.0
2010,Switzerland,CHE,Basel-Binningen,47.53796,7.571110000000001,107.0
2011,Switzerland,CHE,Basel-Binningen,47.53796,7.571110000000001,9.0
2012,Switzerland,CHE,Basel-Binningen,47.53796,7.571110000000001,47.0
2013,Switzerland,CHE,Basel-Binningen,47.53796,7.571110000000001,57.0
2014,Switzerland,CHE,Basel-Binningen,47.53796,7.571110000000001,17.0
2015,Switzerland,CHE,Basel-Binningen,47.53796,7.571110000000001,9.0
2016,Switzerland,CHE,Basel-Binningen,47.53796,7.571110000000001,9.0
2017,Switzerland,CHE,Basel-Binningen,47.53796,7.571110000000001,31.0
2018,Switzerland,CHE,Basel-Binningen,47.53796,7.571110000000001,24.0
2019,Switzerland,CHE,Basel-Binningen,47.53796,7.571110000000001,9.0
1931,Switzerland,CHE,Bern-Zollikofen,46.99832,7.45109,192.0
1932,Switzerland,CHE,Bern-Zollikofen,46.99832,7.45109,48.0
1933,Switzerland,CHE,Bern-Zollikofen,46.99832,7.45109,57.0
1934,Switzerland,CHE,Bern-Zollikofen,46.99832,7.45109,36.0
1935,Switzerland,CHE,Bern-Zollikofen,46.99832,7.45109,126.0
1936,Switzerland,CHE,Bern-Zollikofen,46.99832,7.45109,14.0
1937,Switzerland,CHE,Bern-Zollikofen,46.99832,7.45109,80.0
1938,Switzerland,CHE,Bern-Zollikofen,46.99832,7.45109,71.0
1939,Switzerland,CHE,Bern-Zollikofen,46.99832,7.45109,80.0
1940,Switzerland,CHE,Bern-Zollikofen,46.99832,7.45109,74.0
1941,Switzerland,CHE,Bern-Zollikofen,46.99832,7.45109,73.0
1942,Switzerland,CHE,Bern-Zollikofen,46.99832,7.45109,91.0
1943,Switzerland,CHE,Bern-Zollikofen,46.99832,7.45109,71.0
1944,Switzerland,CHE,Bern-Zollikofen,46.99832,7.45109,84.0
1945,Switzerland,CHE,Bern-Zollikofen,46.99832,7.45109,69.0
1946,Switzerland,CHE,Bern-Zollikofen,46.99832,7.45109,36.0
1947,Switzerland,CHE,Bern-Zollikofen,46.99832,7.45109,109.0
1948,Switzerland,CHE,Bern-Zollikofen,46.99832,7.45109,33.0
1949,Switzerland,CHE,Bern-Zollikofen,46.99832,7.45109,69.0
1950,Switzerland,CHE,Bern-Zollikofen,46.99832,7.45109,54.0
1951,Switzerland,CHE,Bern-Zollikofen,46.99832,7.45109,66.0
1952,Switzerland,CHE,Bern-Zollikofen,46.99832,7.45109,190.0
1953,Switzerland,CHE,Bern-Zollikofen,46.99832,7.45109,62.0
1954,Switzerland,CHE,Bern-Zollikofen,46.99832,7.45109,108.0
1955,Switzerland,CHE,Bern-Zollikofen,46.99832,7.45109,98.0
1956,Switzerland,CHE,Bern-Zollikofen,46.99832,7.45109,35.0
1957,Switzerland,CHE,Bern-Zollikofen,46.99832,7.45109,55.0
1958,Switzerland,CHE,Bern-Zollikofen,46.99832,7.45109,74.0
1959,Switzerland,CHE,Bern-Zollikofen,46.99832,7.45109,46.0
1960,Switzerland,CHE,Bern-Zollikofen,46.99832,7.45109,77.0
1961,Switzerland,CHE,Bern-Zollikofen,46.99832,7.45109,39.0
1962,Switzerland,CHE,Bern-Zollikofen,46.99832,7.45109,109.0
1963,Switzerland,CHE,Bern-Zollikofen,46.99832,7.45109,127.0
1964,Switzerland,CHE,Bern-Zollikofen,46.99832,7.45109,84.0
1965,Switzerland,CHE,Bern-Zollikofen,46.99832,7.45109,130.0
1966,Switzerland,CHE,Bern-Zollikofen,46.99832,7.45109,70.0
1967,Switzerland,CHE,Bern-Zollikofen,46.99832,7.45109,49.0
1968,Switzerland,CHE,Bern-Zollikofen,46.99832,7.45109,92.0
1969,Switzerland,CHE,Bern-Zollikofen,46.99832,7.45109,83.0
1970,Switzerland,CHE,Bern-Zollikofen,46.99832,7.45109,128.0
1971,Switzerland,CHE,Bern-Zollikofen,46.99832,7.45109,48.0
1972,Switzerland,CHE,Bern-Zollikofen,46.99832,7.45109,27.0
1973,Switzerland,CHE,Bern-Zollikofen,46.99832,7.45109,66.0
1974,Switzerland,CHE,Bern-Zollikofen,46.99832,7.45109,20.0
1975,Switzerland,CHE,Bern-Zollikofen,46.99832,7.45109,18.0
1976,Switzerland,CHE,Bern-Zollikofen,46.99832,7.45109,88.0
1977,Switzerland,CHE,Bern-Zollikofen,46.99832,7.45109,83.0
1978,Switzerland,CHE,Bern-Zollikofen,46.99832,7.45109,78.0
1979,Switzerland,CHE,Bern-Zollikofen,46.99832,7.45109,104.0
1980,Switzerland,CHE,Bern-Zollikofen,46.99832,7.45109,71.0
1981,Switzerland,CHE,Bern-Zollikofen,46.99832,7.45109,115.0
1982,Switzerland,CHE,Bern-Zollikofen,46.99832,7.45109,37.0
1983,Switzerland,CHE,Bern-Zollikofen,46.99832,7.45109,18.0
1984,Switzerland,CHE,Bern-Zollikofen,46.99832,7.45109,91.0
1985,Switzerland,CHE,Bern-Zollikofen,46.99832,7.45109,96.0
1986,Switzerland,CHE,Bern-Zollikofen,46.99832,7.45109,107.0
1987,Switzerland,CHE,Bern-Zollikofen,46.99832,7.45109,85.0
1988,Switzerland,CHE,Bern-Zollikofen,46.99832,7.45109,55.0
1989,Switzerland,CHE,Bern-Zollikofen,46.99832,7.45109,7.0
1990,Switzerland,CHE,Bern-Zollikofen,46.99832,7.45109,53.0
1991,Switzerland,CHE,Bern-Zollikofen,46.99832,7.45109,25.0
1992,Switzerland,CHE,Bern-Zollikofen,46.99832,7.45109,10.0
1993,Switzerland,CHE,Bern-Zollikofen,46.99832,7.45109,30.0
1994,Switzerland,CHE,Bern-Zollikofen,46.99832,7.45109,5.0
1995,Switzerland,CHE,Bern-Zollikofen,46.99832,7.45109,50.0
1996,Switzerland,CHE,Bern-Zollikofen,46.99832,7.45109,57.0
1997,Switzerland,CHE,Bern-Zollikofen,46.99832,7.45109,11.0
1998,Switzerland,CHE,Bern-Zollikofen,46.99832,7.45109,55.0
1999,Switzerland,CHE,Bern-Zollikofen,46.99832,7.45109,102.0
2000,Switzerland,CHE,Bern-Zollikofen,46.99832,7.45109,7.0
2001,Switzerland,CHE,Bern-Zollikofen,46.99832,7.45109,18.0
2002,Switzerland,CHE,Bern-Zollikofen,46.99832,7.45109,1.0
2003,Switzerland,CHE,Bern-Zollikofen,46.99832,7.45109,24.0
2004,Switzerland,CHE,Bern-Zollikofen,46.99832,7.45109,71.0
2005,Switzerland,CHE,Bern-Zollikofen,46.99832,7.45109,107.0
2006,Switzerland,CHE,Bern-Zollikofen,46.99832,7.45109,47.0
2007,Switzerland,CHE,Bern-Zollikofen,46.99832,7.45109,33.0
2008,Switzerland,CHE,Bern-Zollikofen,46.99832,7.45109,81.0
2009,Switzerland,CHE,Bern-Zollikofen,46.99832,7.45109,48.0
2010,Switzerland,CHE,Bern-Zollikofen,46.99832,7.45109,133.0
2011,Switzerland,CHE,Bern-Zollikofen,46.99832,7.45109,31.0
2012,Switzerland,CHE,Bern-Zollikofen,46.99832,7.45109,72.0
2013,Switzerland,CHE,Bern-Zollikofen,46.99832,7.45109,88.0
2014,Switzerland,CHE,Bern-Zollikofen,46.99832,7.45109,27.0
2015,Switzerland,CHE,Bern-Zollikofen,46.99832,7.45109,54.0
2016,Switzerland,CHE,Bern-Zollikofen,46.99832,7.45109,25.0
2017,Switzerland,CHE,Bern-Zollikofen,46.99832,7.45109,79.0
2018,Switzerland,CHE,Bern-Zollikofen,46.99832,7.45109,25.0
2019,Switzerland,CHE,Bern-Zollikofen,46.99832,7.45109,65.0
1931,Switzerland,CHE,Davos,46.802746,9.83597,
1932,Switzerland,CHE,Davos,46.802746,9.83597,
1933,Switzerland,CHE,Davos,46.802746,9.83597,
1934,Switzerland,CHE,Davos,46.802746,9.83597,
1935,Switzerland,CHE,Davos,46.802746,9.83597,
1936,Switzerland,CHE,Davos,46.802746,9.83597,
1937,Switzerland,CHE,Davos,46.802746,9.83597,
1938,Switzerland,CHE,Davos,46.802746,9.83597,
1939,Switzerland,CHE,Davos,46.802746,9.83597,
1940,Switzerland,CHE,Davos,46.802746,9.83597,
1941,Switzerland,CHE,Davos,46.802746,9.83597,
1942,Switzerland,CHE,Davos,46.802746,9.83597,
1943,Switzerland,CHE,Davos,46.802746,9.83597,
1944,Switzerland,CHE,Davos,46.802746,9.83597,
1945,Switzerland,CHE,Davos,46.802746,9.83597,
1946,Switzerland,CHE,Davos,46.802746,9.83597,
1947,Switzerland,CHE,Davos,46.802746,9.83597,
1948,Switzerland,CHE,Davos,46.802746,9.83597,
1949,Switzerland,CHE,Davos,46.802746,9.83597,
1950,Switzerland,CHE,Davos,46.802746,9.83597,
1951,Switzerland,CHE,Davos,46.802746,9.83597,
1952,Switzerland,CHE,Davos,46.802746,9.83597,
1953,Switzerland,CHE,Davos,46.802746,9.83597,
1954,Switzerland,CHE,Davos,46.802746,9.83597,
1955,Switzerland,CHE,Davos,46.802746,9.83597,
1956,Switzerland,CHE,Davos,46.802746,9.83597,
1957,Switzerland,CHE,Davos,46.802746,9.83597,
1958,Switzerland,CHE,Davos,46.802746,9.83597,
1959,Switzerland,CHE,Davos,46.802746,9.83597,
1960,Switzerland,CHE,Davos,46.802746,9.83597,
1961,Switzerland,CHE,Davos,46.802746,9.83597,
1962,Switzerland,CHE,Davos,46.802746,9.83597,
1963,Switzerland,CHE,Davos,46.802746,9.83597,
1964,Switzerland,CHE,Davos,46.802746,9.83597,
1965,Switzerland,CHE,Davos,46.802746,9.83597,527.0
1966,Switzerland,CHE,Davos,46.802746,9.83597,521.0
1967,Switzerland,CHE,Davos,46.802746,9.83597,428.0
1968,Switzerland,CHE,Davos,46.802746,9.83597,603.0
1969,Switzerland,CHE,Davos,46.802746,9.83597,348.0
1970,Switzerland,CHE,Davos,46.802746,9.83597,659.0
1971,Switzerland,CHE,Davos,46.802746,9.83597,295.0
1972,Switzerland,CHE,Davos,46.802746,9.83597,291.0
1973,Switzerland,CHE,Davos,46.802746,9.83597,572.0
1974,Switzerland,CHE,Davos,46.802746,9.83597,715.0
1975,Switzerland,CHE,Davos,46.802746,9.83597,416.0
1976,Switzerland,CHE,Davos,46.802746,9.83597,387.0
1977,Switzerland,CHE,Davos,46.802746,9.83597,447.0
1978,Switzerland,CHE,Davos,46.802746,9.83597,536.0
1979,Switzerland,CHE,Davos,46.802746,9.83597,584.0
1980,Switzerland,CHE,Davos,46.802746,9.83597,482.0
1981,Switzerland,CHE,Davos,46.802746,9.83597,634.0
1982,Switzerland,CHE,Davos,46.802746,9.83597,416.9
1983,Switzerland,CHE,Davos,46.802746,9.83597,479.9
1984,Switzerland,CHE,Davos,46.802746,9.83597,435.7
1985,Switzerland,CHE,Davos,46.802746,9.83597,363.2
1986,Switzerland,CHE,Davos,46.802746,9.83597,653.6
1987,Switzerland,CHE,Davos,46.802746,9.83597,361.3
1988,Switzerland,CHE,Davos,46.802746,9.83597,622.4
1989,Switzerland,CHE,Davos,46.802746,9.83597,238.7
1990,Switzerland,CHE,Davos,46.802746,9.83597,538.2
1991,Switzerland,CHE,Davos,46.802746,9.83597,426.4
1992,Switzerland,CHE,Davos,46.802746,9.83597,539.1
1993,Switzerland,CHE,Davos,46.802746,9.83597,479.6
1994,Switzerland,CHE,Davos,46.802746,9.83597,425.4
1995,Switzerland,CHE,Davos,46.802746,9.83597,619.4
1996,Switzerland,CHE,Davos,46.802746,9.83597,342.8
1997,Switzerland,CHE,Davos,46.802746,9.83597,364.4
1998,Switzerland,CHE,Davos,46.802746,9.83597,403.6
1999,Switzerland,CHE,Davos,46.802746,9.83597,830.2
2000,Switzerland,CHE,Davos,46.802746,9.83597,475.3
2001,Switzerland,CHE,Davos,46.802746,9.83597,397.1
2002,Switzerland,CHE,Davos,46.802746,9.83597,230.4
2003,Switzerland,CHE,Davos,46.802746,9.83597,303.0
2004,Switzerland,CHE,Davos,46.802746,9.83597,369.5
2005,Switzerland,CHE,Davos,46.802746,9.83597,440.0
2006,Switzerland,CHE,Davos,46.802746,9.83597,320.4
2007,Switzerland,CHE,Davos,46.802746,9.83597,433.1
2008,Switzerland,CHE,Davos,46.802746,9.83597,495.4
2009,Switzerland,CHE,Davos,46.802746,9.83597,490.8
2010,Switzerland,CHE,Davos,46.802746,9.83597,426.2
2011,Switzerland,CHE,Davos,46.802746,9.83597,426.0
2012,Switzerland,CHE,Davos,46.802746,9.83597,665.6
2013,Switzerland,CHE,Davos,46.802746,9.83597,360.3
2014,Switzerland,CHE,Davos,46.802746,9.83597,386.3
2015,Switzerland,CHE,Davos,46.802746,9.83597,297.0
2016,Switzerland,CHE,Davos,46.802746,9.83597,436.4
2017,Switzerland,CHE,Davos,46.802746,9.83597,483.2
2018,Switzerland,CHE,Davos,46.802746,9.83597,528.3
2019,Switzerland,CHE,Davos,46.802746,9.83597,627.2
1931,Switzerland,CHE,Genf-Cointrin,46.22783,6.10424,
1932,Switzerland,CHE,Genf-Cointrin,46.22783,6.10424,
1933,Switzerland,CHE,Genf-Cointrin,46.22783,6.10424,
1934,Switzerland,CHE,Genf-Cointrin,46.22783,6.10424,
1935,Switzerland,CHE,Genf-Cointrin,46.22783,6.10424,
1936,Switzerland,CHE,Genf-Cointrin,46.22783,6.10424,
1937,Switzerland,CHE,Genf-Cointrin,46.22783,6.10424,
1938,Switzerland,CHE,Genf-Cointrin,46.22783,6.10424,
1939,Switzerland,CHE,Genf-Cointrin,46.22783,6.10424,
1940,Switzerland,CHE,Genf-Cointrin,46.22783,6.10424,
1941,Switzerland,CHE,Genf-Cointrin,46.22783,6.10424,
1942,Switzerland,CHE,Genf-Cointrin,46.22783,6.10424,
1943,Switzerland,CHE,Genf-Cointrin,46.22783,6.10424,
1944,Switzerland,CHE,Genf-Cointrin,46.22783,6.10424,
1945,Switzerland,CHE,Genf-Cointrin,46.22783,6.10424,
1946,Switzerland,CHE,Genf-Cointrin,46.22783,6.10424,
1947,Switzerland,CHE,Genf-Cointrin,46.22783,6.10424,
1948,Switzerland,CHE,Genf-Cointrin,46.22783,6.10424,
1949,Switzerland,CHE,Genf-Cointrin,46.22783,6.10424,
1950,Switzerland,CHE,Genf-Cointrin,46.22783,6.10424,
1951,Switzerland,CHE,Genf-Cointrin,46.22783,6.10424,
1952,Switzerland,CHE,Genf-Cointrin,46.22783,6.10424,
1953,Switzerland,CHE,Genf-Cointrin,46.22783,6.10424,
1954,Switzerland,CHE,Genf-Cointrin,46.22783,6.10424,
1955,Switzerland,CHE,Genf-Cointrin,46.22783,6.10424,
1956,Switzerland,CHE,Genf-Cointrin,46.22783,6.10424,
1957,Switzerland,CHE,Genf-Cointrin,46.22783,6.10424,
1958,Switzerland,CHE,Genf-Cointrin,46.22783,6.10424,
1959,Switzerland,CHE,Genf-Cointrin,46.22783,6.10424,
1960,Switzerland,CHE,Genf-Cointrin,46.22783,6.10424,
1961,Switzerland,CHE,Genf-Cointrin,46.22783,6.10424,
1962,Switzerland,CHE,Genf-Cointrin,46.22783,6.10424,
1963,Switzerland,CHE,Genf-Cointrin,46.22783,6.10424,59.0
1964,Switzerland,CHE,Genf-Cointrin,46.22783,6.10424,71.0
1965,Switzerland,CHE,Genf-Cointrin,46.22783,6.10424,100.0
1966,Switzerland,CHE,Genf-Cointrin,46.22783,6.10424,43.0
1967,Switzerland,CHE,Genf-Cointrin,46.22783,6.10424,18.0
1968,Switzerland,CHE,Genf-Cointrin,46.22783,6.10424,59.0
1969,Switzerland,CHE,Genf-Cointrin,46.22783,6.10424,26.0
1970,Switzerland,CHE,Genf-Cointrin,46.22783,6.10424,64.0
1971,Switzerland,CHE,Genf-Cointrin,46.22783,6.10424,29.0
1972,Switzerland,CHE,Genf-Cointrin,46.22783,6.10424,16.0
1973,Switzerland,CHE,Genf-Cointrin,46.22783,6.10424,27.0
1974,Switzerland,CHE,Genf-Cointrin,46.22783,6.10424,20.0
1975,Switzerland,CHE,Genf-Cointrin,46.22783,6.10424,5.0
1976,Switzerland,CHE,Genf-Cointrin,46.22783,6.10424,39.0
1977,Switzerland,CHE,Genf-Cointrin,46.22783,6.10424,30.0
1978,Switzerland,CHE,Genf-Cointrin,46.22783,6.10424,48.0
1979,Switzerland,CHE,Genf-Cointrin,46.22783,6.10424,65.0
1980,Switzerland,CHE,Genf-Cointrin,46.22783,6.10424,26.0
1981,Switzerland,CHE,Genf-Cointrin,46.22783,6.10424,92.0
1982,Switzerland,CHE,Genf-Cointrin,46.22783,6.10424,2.0
1983,Switzerland,CHE,Genf-Cointrin,46.22783,6.10424,14.0
1984,Switzerland,CHE,Genf-Cointrin,46.22783,6.10424,92.0
1985,Switzerland,CHE,Genf-Cointrin,46.22783,6.10424,90.0
1986,Switzerland,CHE,Genf-Cointrin,46.22783,6.10424,87.0
1987,Switzerland,CHE,Genf-Cointrin,46.22783,6.10424,23.0
1988,Switzerland,CHE,Genf-Cointrin,46.22783,6.10424,10.0
1989,Switzerland,CHE,Genf-Cointrin,46.22783,6.10424,8.0
1990,Switzerland,CHE,Genf-Cointrin,46.22783,6.10424,34.0
1991,Switzerland,CHE,Genf-Cointrin,46.22783,6.10424,28.0
1992,Switzerland,CHE,Genf-Cointrin,46.22783,6.10424,1.0
1993,Switzerland,CHE,Genf-Cointrin,46.22783,6.10424,29.0
1994,Switzerland,CHE,Genf-Cointrin,46.22783,6.10424,9.0
1995,Switzerland,CHE,Genf-Cointrin,46.22783,6.10424,46.0
1996,Switzerland,CHE,Genf-Cointrin,46.22783,6.10424,20.0
1997,Switzerland,CHE,Genf-Cointrin,46.22783,6.10424,19.0
1998,Switzerland,CHE,Genf-Cointrin,46.22783,6.10424,15.0
1999,Switzerland,CHE,Genf-Cointrin,46.22783,6.10424,32.0
2000,Switzerland,CHE,Genf-Cointrin,46.22783,6.10424,4.0
2001,Switzerland,CHE,Genf-Cointrin,46.22783,6.10424,17.0
2002,Switzerland,CHE,Genf-Cointrin,46.22783,6.10424,12.0
2003,Switzerland,CHE,Genf-Cointrin,46.22783,6.10424,13.0
2004,Switzerland,CHE,Genf-Cointrin,46.22783,6.10424,22.0
2005,Switzerland,CHE,Genf-Cointrin,46.22783,6.10424,64.0
2006,Switzerland,CHE,Genf-Cointrin,46.22783,6.10424,16.0
2007,Switzerland,CHE,Genf-Cointrin,46.22783,6.10424,12.0
2008,Switzerland,CHE,Genf-Cointrin,46.22783,6.10424,21.0
2009,Switzerland,CHE,Genf-Cointrin,46.22783,6.10424,18.0
2010,Switzerland,CHE,Genf-Cointrin,46.22783,6.10424,111.0
2011,Switzerland,CHE,Genf-Cointrin,46.22783,6.10424,5.0
2012,Switzerland,CHE,Genf-Cointrin,46.22783,6.10424,30.0
2013,Switzerland,CHE,Genf-Cointrin,46.22783,6.10424,58.0
2014,Switzerland,CHE,Genf-Cointrin,46.22783,6.10424,7.0
2015,Switzerland,CHE,Genf-Cointrin,46.22783,6.10424,25.0
2016,Switzerland,CHE,Genf-Cointrin,46.22783,6.10424,12.0
2017,Switzerland,CHE,Genf-Cointrin,46.22783,6.10424,19.0
2018,Switzerland,CHE,Genf-Cointrin,46.22783,6.10424,30.0
2019,Switzerland,CHE,Genf-Cointrin,46.22783,6.10424,20.0
1931,Switzerland,CHE,Locarno-Monti,46.170978999999996,8.79112,
1932,Switzerland,CHE,Locarno-Monti,46.170978999999996,8.79112,
1933,Switzerland,CHE,Locarno-Monti,46.170978999999996,8.79112,
1934,Switzerland,CHE,Locarno-Monti,46.170978999999996,8.79112,
1935,Switzerland,CHE,Locarno-Monti,46.170978999999996,8.79112,
1936,Switzerland,CHE,Locarno-Monti,46.170978999999996,8.79112,34.0
1937,Switzerland,CHE,Locarno-Monti,46.170978999999996,8.79112,23.0
1938,Switzerland,CHE,Locarno-Monti,46.170978999999996,8.79112,61.0
1939,Switzerland,CHE,Locarno-Monti,46.170978999999996,8.79112,49.0
1940,Switzerland,CHE,Locarno-Monti,46.170978999999996,8.79112,6.0
1941,Switzerland,CHE,Locarno-Monti,46.170978999999996,8.79112,61.0
1942,Switzerland,CHE,Locarno-Monti,46.170978999999996,8.79112,16.0
1943,Switzerland,CHE,Locarno-Monti,46.170978999999996,8.79112,15.0
1944,Switzerland,CHE,Locarno-Monti,46.170978999999996,8.79112,29.0
1945,Switzerland,CHE,Locarno-Monti,46.170978999999996,8.79112,84.0
1946,Switzerland,CHE,Locarno-Monti,46.170978999999996,8.79112,91.0
1947,Switzerland,CHE,Locarno-Monti,46.170978999999996,8.79112,122.0
1948,Switzerland,CHE,Locarno-Monti,46.170978999999996,8.79112,63.0
1949,Switzerland,CHE,Locarno-Monti,46.170978999999996,8.79112,23.0
1950,Switzerland,CHE,Locarno-Monti,46.170978999999996,8.79112,79.0
1951,Switzerland,CHE,Locarno-Monti,46.170978999999996,8.79112,113.0
1952,Switzerland,CHE,Locarno-Monti,46.170978999999996,8.79112,58.0
1953,Switzerland,CHE,Locarno-Monti,46.170978999999996,8.79112,15.0
1954,Switzerland,CHE,Locarno-Monti,46.170978999999996,8.79112,33.0
1955,Switzerland,CHE,Locarno-Monti,46.170978999999996,8.79112,74.0
1956,Switzerland,CHE,Locarno-Monti,46.170978999999996,8.79112,56.0
1957,Switzerland,CHE,Locarno-Monti,46.170978999999996,8.79112,43.0
1958,Switzerland,CHE,Locarno-Monti,46.170978999999996,8.79112,21.0
1959,Switzerland,CHE,Locarno-Monti,46.170978999999996,8.79112,25.0
1960,Switzerland,CHE,Locarno-Monti,46.170978999999996,8.79112,103.0
1961,Switzerland,CHE,Locarno-Monti,46.170978999999996,8.79112,85.0
1962,Switzerland,CHE,Locarno-Monti,46.170978999999996,8.79112,42.0
1963,Switzerland,CHE,Locarno-Monti,46.170978999999996,8.79112,21.0
1964,Switzerland,CHE,Locarno-Monti,46.170978999999996,8.79112,28.0
1965,Switzerland,CHE,Locarno-Monti,46.170978999999996,8.79112,37.0
1966,Switzerland,CHE,Locarno-Monti,46.170978999999996,8.79112,30.0
1967,Switzerland,CHE,Locarno-Monti,46.170978999999996,8.79112,42.0
1968,Switzerland,CHE,Locarno-Monti,46.170978999999996,8.79112,22.0
1969,Switzerland,CHE,Locarno-Monti,46.170978999999996,8.79112,114.0
1970,Switzerland,CHE,Locarno-Monti,46.170978999999996,8.79112,145.0
1971,Switzerland,CHE,Locarno-Monti,46.170978999999996,8.79112,27.0
1972,Switzerland,CHE,Locarno-Monti,46.170978999999996,8.79112,45.0
1973,Switzerland,CHE,Locarno-Monti,46.170978999999996,8.79112,28.0
1974,Switzerland,CHE,Locarno-Monti,46.170978999999996,8.79112,21.0
1975,Switzerland,CHE,Locarno-Monti,46.170978999999996,8.79112,43.0
1976,Switzerland,CHE,Locarno-Monti,46.170978999999996,8.79112,47.0
1977,Switzerland,CHE,Locarno-Monti,46.170978999999996,8.79112,152.0
1978,Switzerland,CHE,Locarno-Monti,46.170978999999996,8.79112,236.0
1979,Switzerland,CHE,Locarno-Monti,46.170978999999996,8.79112,49.0
1980,Switzerland,CHE,Locarno-Monti,46.170978999999996,8.79112,31.0
1981,Switzerland,CHE,Locarno-Monti,46.170978999999996,8.79112,90.0
1982,Switzerland,CHE,Locarno-Monti,46.170978999999996,8.79112,11.0
1983,Switzerland,CHE,Locarno-Monti,46.170978999999996,8.79112,85.0
1984,Switzerland,CHE,Locarno-Monti,46.170978999999996,8.79112,41.0
1985,Switzerland,CHE,Locarno-Monti,46.170978999999996,8.79112,165.0
1986,Switzerland,CHE,Locarno-Monti,46.170978999999996,8.79112,166.0
1987,Switzerland,CHE,Locarno-Monti,46.170978999999996,8.79112,64.0
1988,Switzerland,CHE,Locarno-Monti,46.170978999999996,8.79112,5.0
1989,Switzerland,CHE,Locarno-Monti,46.170978999999996,8.79112,1.0
1990,Switzerland,CHE,Locarno-Monti,46.170978999999996,8.79112,48.0
1991,Switzerland,CHE,Locarno-Monti,46.170978999999996,8.79112,25.0
1992,Switzerland,CHE,Locarno-Monti,46.170978999999996,8.79112,21.0
1993,Switzerland,CHE,Locarno-Monti,46.170978999999996,8.79112,21.0
1994,Switzerland,CHE,Locarno-Monti,46.170978999999996,8.79112,4.0
1995,Switzerland,CHE,Locarno-Monti,46.170978999999996,8.79112,31.0
1996,Switzerland,CHE,Locarno-Monti,46.170978999999996,8.79112,39.0
1997,Switzerland,CHE,Locarno-Monti,46.170978999999996,8.79112,24.0
1998,Switzerland,CHE,Locarno-Monti,46.170978999999996,8.79112,2.0
1999,Switzerland,CHE,Locarno-Monti,46.170978999999996,8.79112,16.0
2000,Switzerland,CHE,Locarno-Monti,46.170978999999996,8.79112,16.0
2001,Switzerland,CHE,Locarno-Monti,46.170978999999996,8.79112,49.0
2002,Switzerland,CHE,Locarno-Monti,46.170978999999996,8.79112,17.0
2003,Switzerland,CHE,Locarno-Monti,46.170978999999996,8.79112,51.0
2004,Switzerland,CHE,Locarno-Monti,46.170978999999996,8.79112,61.0
2005,Switzerland,CHE,Locarno-Monti,46.170978999999996,8.79112,52.0
2006,Switzerland,CHE,Locarno-Monti,46.170978999999996,8.79112,85.0
2007,Switzerland,CHE,Locarno-Monti,46.170978999999996,8.79112,2.0
2008,Switzerland,CHE,Locarno-Monti,46.170978999999996,8.79112,82.0
2009,Switzerland,CHE,Locarno-Monti,46.170978999999996,8.79112,72.0
2010,Switzerland,CHE,Locarno-Monti,46.170978999999996,8.79112,66.0
2011,Switzerland,CHE,Locarno-Monti,46.170978999999996,8.79112,0.0
2012,Switzerland,CHE,Locarno-Monti,46.170978999999996,8.79112,51.0
2013,Switzerland,CHE,Locarno-Monti,46.170978999999996,8.79112,33.0
2014,Switzerland,CHE,Locarno-Monti,46.170978999999996,8.79112,40.0
2015,Switzerland,CHE,Locarno-Monti,46.170978999999996,8.79112,49.0
2016,Switzerland,CHE,Locarno-Monti,46.170978999999996,8.79112,22.0
2017,Switzerland,CHE,Locarno-Monti,46.170978999999996,8.79112,34.0
2018,Switzerland,CHE,Locarno-Monti,46.170978999999996,8.79112,12.0
2019,Switzerland,CHE,Locarno-Monti,46.170978999999996,8.79112,18.0
1931,Switzerland,CHE,Lugano,46.003601,8.953619999999999,16.0
1932,Switzerland,CHE,Lugano,46.003601,8.953619999999999,21.0
1933,Switzerland,CHE,Lugano,46.003601,8.953619999999999,120.0
1934,Switzerland,CHE,Lugano,46.003601,8.953619999999999,0.0
1935,Switzerland,CHE,Lugano,46.003601,8.953619999999999,115.0
1936,Switzerland,CHE,Lugano,46.003601,8.953619999999999,21.0
1937,Switzerland,CHE,Lugano,46.003601,8.953619999999999,11.0
1938,Switzerland,CHE,Lugano,46.003601,8.953619999999999,61.0
1939,Switzerland,CHE,Lugano,46.003601,8.953619999999999,33.0
1940,Switzerland,CHE,Lugano,46.003601,8.953619999999999,16.0
1941,Switzerland,CHE,Lugano,46.003601,8.953619999999999,61.0
1942,Switzerland,CHE,Lugano,46.003601,8.953619999999999,10.0
1943,Switzerland,CHE,Lugano,46.003601,8.953619999999999,23.0
1944,Switzerland,CHE,Lugano,46.003601,8.953619999999999,10.0
1945,Switzerland,CHE,Lugano,46.003601,8.953619999999999,97.0
1946,Switzerland,CHE,Lugano,46.003601,8.953619999999999,75.0
1947,Switzerland,CHE,Lugano,46.003601,8.953619999999999,111.0
1948,Switzerland,CHE,Lugano,46.003601,8.953619999999999,47.0
1949,Switzerland,CHE,Lugano,46.003601,8.953619999999999,53.0
1950,Switzerland,CHE,Lugano,46.003601,8.953619999999999,41.0
1951,Switzerland,CHE,Lugano,46.003601,8.953619999999999,25.0
1952,Switzerland,CHE,Lugano,46.003601,8.953619999999999,37.0
1953,Switzerland,CHE,Lugano,46.003601,8.953619999999999,9.0
1954,Switzerland,CHE,Lugano,46.003601,8.953619999999999,26.0
1955,Switzerland,CHE,Lugano,46.003601,8.953619999999999,48.0
1956,Switzerland,CHE,Lugano,46.003601,8.953619999999999,43.0
1957,Switzerland,CHE,Lugano,46.003601,8.953619999999999,21.0
1958,Switzerland,CHE,Lugano,46.003601,8.953619999999999,6.0
1959,Switzerland,CHE,Lugano,46.003601,8.953619999999999,15.0
1960,Switzerland,CHE,Lugano,46.003601,8.953619999999999,40.0
1961,Switzerland,CHE,Lugano,46.003601,8.953619999999999,49.0
1962,Switzerland,CHE,Lugano,46.003601,8.953619999999999,16.0
1963,Switzerland,CHE,Lugano,46.003601,8.953619999999999,10.0
1964,Switzerland,CHE,Lugano,46.003601,8.953619999999999,13.0
1965,Switzerland,CHE,Lugano,46.003601,8.953619999999999,15.0
1966,Switzerland,CHE,Lugano,46.003601,8.953619999999999,12.0
1967,Switzerland,CHE,Lugano,46.003601,8.953619999999999,31.0
1968,Switzerland,CHE,Lugano,46.003601,8.953619999999999,0.0
1969,Switzerland,CHE,Lugano,46.003601,8.953619999999999,59.0
1970,Switzerland,CHE,Lugano,46.003601,8.953619999999999,82.0
1971,Switzerland,CHE,Lugano,46.003601,8.953619999999999,2.0
1972,Switzerland,CHE,Lugano,46.003601,8.953619999999999,11.0
1973,Switzerland,CHE,Lugano,46.003601,8.953619999999999,6.0
1974,Switzerland,CHE,Lugano,46.003601,8.953619999999999,6.0
1975,Switzerland,CHE,Lugano,46.003601,8.953619999999999,8.0
1976,Switzerland,CHE,Lugano,46.003601,8.953619999999999,15.0
1977,Switzerland,CHE,Lugano,46.003601,8.953619999999999,50.0
1978,Switzerland,CHE,Lugano,46.003601,8.953619999999999,110.0
1979,Switzerland,CHE,Lugano,46.003601,8.953619999999999,19.0
1980,Switzerland,CHE,Lugano,46.003601,8.953619999999999,10.0
1981,Switzerland,CHE,Lugano,46.003601,8.953619999999999,67.0
1982,Switzerland,CHE,Lugano,46.003601,8.953619999999999,4.0
1983,Switzerland,CHE,Lugano,46.003601,8.953619999999999,29.0
1984,Switzerland,CHE,Lugano,46.003601,8.953619999999999,8.0
1985,Switzerland,CHE,Lugano,46.003601,8.953619999999999,118.0
1986,Switzerland,CHE,Lugano,46.003601,8.953619999999999,104.0
1987,Switzerland,CHE,Lugano,46.003601,8.953619999999999,21.0
1988,Switzerland,CHE,Lugano,46.003601,8.953619999999999,0.0
1989,Switzerland,CHE,Lugano,46.003601,8.953619999999999,0.0
1990,Switzerland,CHE,Lugano,46.003601,8.953619999999999,22.0
1991,Switzerland,CHE,Lugano,46.003601,8.953619999999999,22.0
1992,Switzerland,CHE,Lugano,46.003601,8.953619999999999,2.0
1993,Switzerland,CHE,Lugano,46.003601,8.953619999999999,1.0
1994,Switzerland,CHE,Lugano,46.003601,8.953619999999999,0.0
1995,Switzerland,CHE,Lugano,46.003601,8.953619999999999,12.0
1996,Switzerland,CHE,Lugano,46.003601,8.953619999999999,18.0
1997,Switzerland,CHE,Lugano,46.003601,8.953619999999999,1.0
1998,Switzerland,CHE,Lugano,46.003601,8.953619999999999,0.0
1999,Switzerland,CHE,Lugano,46.003601,8.953619999999999,4.0
2000,Switzerland,CHE,Lugano,46.003601,8.953619999999999,12.0
2001,Switzerland,CHE,Lugano,46.003601,8.953619999999999,17.0
2002,Switzerland,CHE,Lugano,46.003601,8.953619999999999,10.0
2003,Switzerland,CHE,Lugano,46.003601,8.953619999999999,29.0
2004,Switzerland,CHE,Lugano,46.003601,8.953619999999999,34.0
2005,Switzerland,CHE,Lugano,46.003601,8.953619999999999,66.0
2006,Switzerland,CHE,Lugano,46.003601,8.953619999999999,72.0
2007,Switzerland,CHE,Lugano,46.003601,8.953619999999999,0.0
2008,Switzerland,CHE,Lugano,46.003601,8.953619999999999,31.0
2009,Switzerland,CHE,Lugano,46.003601,8.953619999999999,62.0
2010,Switzerland,CHE,Lugano,46.003601,8.953619999999999,19.0
2011,Switzerland,CHE,Lugano,46.003601,8.953619999999999,0.0
2012,Switzerland,CHE,Lugano,46.003601,8.953619999999999,41.0
2013,Switzerland,CHE,Lugano,46.003601,8.953619999999999,21.0
2014,Switzerland,CHE,Lugano,46.003601,8.953619999999999,9.0
2015,Switzerland,CHE,Lugano,46.003601,8.953619999999999,30.0
2016,Switzerland,CHE,Lugano,46.003601,8.953619999999999,17.0
2017,Switzerland,CHE,Lugano,46.003601,8.953619999999999,34.0
2018,Switzerland,CHE,Lugano,46.003601,8.953619999999999,11.0
2019,Switzerland,CHE,Lugano,46.003601,8.953619999999999,15.0
1931,Switzerland,CHE,Luzern,47.04554,8.308010000000001,185.0
1932,Switzerland,CHE,Luzern,47.04554,8.308010000000001,69.0
1933,Switzerland,CHE,Luzern,47.04554,8.308010000000001,73.0
1934,Switzerland,CHE,Luzern,47.04554,8.308010000000001,30.0
1935,Switzerland,CHE,Luzern,47.04554,8.308010000000001,121.0
1936,Switzerland,CHE,Luzern,47.04554,8.308010000000001,23.0
1937,Switzerland,CHE,Luzern,47.04554,8.308010000000001,52.0
1938,Switzerland,CHE,Luzern,47.04554,8.308010000000001,103.0
1939,Switzerland,CHE,Luzern,47.04554,8.308010000000001,48.0
1940,Switzerland,CHE,Luzern,47.04554,8.308010000000001,132.0
1941,Switzerland,CHE,Luzern,47.04554,8.308010000000001,94.0
1942,Switzerland,CHE,Luzern,47.04554,8.308010000000001,152.0
1943,Switzerland,CHE,Luzern,47.04554,8.308010000000001,50.0
1944,Switzerland,CHE,Luzern,47.04554,8.308010000000001,158.0
1945,Switzerland,CHE,Luzern,47.04554,8.308010000000001,91.0
1946,Switzerland,CHE,Luzern,47.04554,8.308010000000001,36.0
1947,Switzerland,CHE,Luzern,47.04554,8.308010000000001,101.0
1948,Switzerland,CHE,Luzern,47.04554,8.308010000000001,15.0
1949,Switzerland,CHE,Luzern,47.04554,8.308010000000001,41.0
1950,Switzerland,CHE,Luzern,47.04554,8.308010000000001,76.0
1951,Switzerland,CHE,Luzern,47.04554,8.308010000000001,23.0
1952,Switzerland,CHE,Luzern,47.04554,8.308010000000001,172.0
1953,Switzerland,CHE,Luzern,47.04554,8.308010000000001,75.0
1954,Switzerland,CHE,Luzern,47.04554,8.308010000000001,79.0
1955,Switzerland,CHE,Luzern,47.04554,8.308010000000001,83.0
1956,Switzerland,CHE,Luzern,47.04554,8.308010000000001,81.0
1957,Switzerland,CHE,Luzern,47.04554,8.308010000000001,43.0
1958,Switzerland,CHE,Luzern,47.04554,8.308010000000001,139.0
1959,Switzerland,CHE,Luzern,47.04554,8.308010000000001,34.0
1960,Switzerland,CHE,Luzern,47.04554,8.308010000000001,74.0
1961,Switzerland,CHE,Luzern,47.04554,8.308010000000001,29.0
1962,Switzerland,CHE,Luzern,47.04554,8.308010000000001,151.0
1963,Switzerland,CHE,Luzern,47.04554,8.308010000000001,157.0
1964,Switzerland,CHE,Luzern,47.04554,8.308010000000001,122.0
1965,Switzerland,CHE,Luzern,47.04554,8.308010000000001,167.0
1966,Switzerland,CHE,Luzern,47.04554,8.308010000000001,115.0
1967,Switzerland,CHE,Luzern,47.04554,8.308010000000001,79.0
1968,Switzerland,CHE,Luzern,47.04554,8.308010000000001,130.0
1969,Switzerland,CHE,Luzern,47.04554,8.308010000000001,112.0
1970,Switzerland,CHE,Luzern,47.04554,8.308010000000001,192.0
1971,Switzerland,CHE,Luzern,47.04554,8.308010000000001,25.0
1972,Switzerland,CHE,Luzern,47.04554,8.308010000000001,10.0
1973,Switzerland,CHE,Luzern,47.04554,8.308010000000001,30.0
1974,Switzerland,CHE,Luzern,47.04554,8.308010000000001,6.0
1975,Switzerland,CHE,Luzern,47.04554,8.308010000000001,22.0
1976,Switzerland,CHE,Luzern,47.04554,8.308010000000001,54.0
1977,Switzerland,CHE,Luzern,47.04554,8.308010000000001,63.0
1978,Switzerland,CHE,Luzern,47.04554,8.308010000000001,83.0
1979,Switzerland,CHE,Luzern,47.04554,8.308010000000001,99.0
1980,Switzerland,CHE,Luzern,47.04554,8.308010000000001,82.0
1981,Switzerland,CHE,Luzern,47.04554,8.308010000000001,129.0
1982,Switzerland,CHE,Luzern,47.04554,8.308010000000001,88.0
1983,Switzerland,CHE,Luzern,47.04554,8.308010000000001,33.0
1984,Switzerland,CHE,Luzern,47.04554,8.308010000000001,81.0
1985,Switzerland,CHE,Luzern,47.04554,8.308010000000001,167.0
1986,Switzerland,CHE,Luzern,47.04554,8.308010000000001,136.0
1987,Switzerland,CHE,Luzern,47.04554,8.308010000000001,125.0
1988,Switzerland,CHE,Luzern,47.04554,8.308010000000001,77.0
1989,Switzerland,CHE,Luzern,47.04554,8.308010000000001,0.0
1990,Switzerland,CHE,Luzern,47.04554,8.308010000000001,40.0
1991,Switzerland,CHE,Luzern,47.04554,8.308010000000001,16.0
1992,Switzerland,CHE,Luzern,47.04554,8.308010000000001,17.0
1993,Switzerland,CHE,Luzern,47.04554,8.308010000000001,32.0
1994,Switzerland,CHE,Luzern,47.04554,8.308010000000001,16.0
1995,Switzerland,CHE,Luzern,47.04554,8.308010000000001,110.0
1996,Switzerland,CHE,Luzern,47.04554,8.308010000000001,83.0
1997,Switzerland,CHE,Luzern,47.04554,8.308010000000001,3.0
1998,Switzerland,CHE,Luzern,47.04554,8.308010000000001,
1999,Switzerland,CHE,Luzern,47.04554,8.308010000000001,123.0
2000,Switzerland,CHE,Luzern,47.04554,8.308010000000001,18.0
2001,Switzerland,CHE,Luzern,47.04554,8.308010000000001,39.0
2002,Switzerland,CHE,Luzern,47.04554,8.308010000000001,2.0
2003,Switzerland,CHE,Luzern,47.04554,8.308010000000001,44.0
2004,Switzerland,CHE,Luzern,47.04554,8.308010000000001,56.0
2005,Switzerland,CHE,Luzern,47.04554,8.308010000000001,112.0
2006,Switzerland,CHE,Luzern,47.04554,8.308010000000001,57.0
2007,Switzerland,CHE,Luzern,47.04554,8.308010000000001,
2008,Switzerland,CHE,Luzern,47.04554,8.308010000000001,
2009,Switzerland,CHE,Luzern,47.04554,8.308010000000001,60.0
2010,Switzerland,CHE,Luzern,47.04554,8.308010000000001,115.0
2011,Switzerland,CHE,Luzern,47.04554,8.308010000000001,18.0
2012,Switzerland,CHE,Luzern,47.04554,8.308010000000001,65.0
2013,Switzerland,CHE,Luzern,47.04554,8.308010000000001,50.0
2014,Switzerland,CHE,Luzern,47.04554,8.308010000000001,32.0
2015,Switzerland,CHE,Luzern,47.04554,8.308010000000001,11.0
2016,Switzerland,CHE,Luzern,47.04554,8.308010000000001,10.0
2017,Switzerland,CHE,Luzern,47.04554,8.308010000000001,58.0
2018,Switzerland,CHE,Luzern,47.04554,8.308010000000001,47.0
2019,Switzerland,CHE,Luzern,47.04554,8.308010000000001,37.0
1931,Switzerland,CHE,Neuenburg,48.84655,8.588410000000001,165.0
1932,Switzerland,CHE,Neuenburg,48.84655,8.588410000000001,44.0
1933,Switzerland,CHE,Neuenburg,48.84655,8.588410000000001,61.0
1934,Switzerland,CHE,Neuenburg,48.84655,8.588410000000001,26.0
1935,Switzerland,CHE,Neuenburg,48.84655,8.588410000000001,122.0
1936,Switzerland,CHE,Neuenburg,48.84655,8.588410000000001,18.0
1937,Switzerland,CHE,Neuenburg,48.84655,8.588410000000001,61.0
1938,Switzerland,CHE,Neuenburg,48.84655,8.588410000000001,86.0
1939,Switzerland,CHE,Neuenburg,48.84655,8.588410000000001,84.0
1940,Switzerland,CHE,Neuenburg,48.84655,8.588410000000001,72.0
1941,Switzerland,CHE,Neuenburg,48.84655,8.588410000000001,78.0
1942,Switzerland,CHE,Neuenburg,48.84655,8.588410000000001,127.0
1943,Switzerland,CHE,Neuenburg,48.84655,8.588410000000001,59.0
1944,Switzerland,CHE,Neuenburg,48.84655,8.588410000000001,67.0
1945,Switzerland,CHE,Neuenburg,48.84655,8.588410000000001,101.0
1946,Switzerland,CHE,Neuenburg,48.84655,8.588410000000001,24.0
1947,Switzerland,CHE,Neuenburg,48.84655,8.588410000000001,95.0
1948,Switzerland,CHE,Neuenburg,48.84655,8.588410000000001,26.0
1949,Switzerland,CHE,Neuenburg,48.84655,8.588410000000001,53.0
1950,Switzerland,CHE,Neuenburg,48.84655,8.588410000000001,69.0
1951,Switzerland,CHE,Neuenburg,48.84655,8.588410000000001,25.0
1952,Switzerland,CHE,Neuenburg,48.84655,8.588410000000001,154.0
1953,Switzerland,CHE,Neuenburg,48.84655,8.588410000000001,77.0
1954,Switzerland,CHE,Neuenburg,48.84655,8.588410000000001,76.0
1955,Switzerland,CHE,Neuenburg,48.84655,8.588410000000001,90.0
1956,Switzerland,CHE,Neuenburg,48.84655,8.588410000000001,31.0
1957,Switzerland,CHE,Neuenburg,48.84655,8.588410000000001,50.0
1958,Switzerland,CHE,Neuenburg,48.84655,8.588410000000001,59.0
1959,Switzerland,CHE,Neuenburg,48.84655,8.588410000000001,43.0
1960,Switzerland,CHE,Neuenburg,48.84655,8.588410000000001,35.0
1961,Switzerland,CHE,Neuenburg,48.84655,8.588410000000001,18.0
1962,Switzerland,CHE,Neuenburg,48.84655,8.588410000000001,78.0
1963,Switzerland,CHE,Neuenburg,48.84655,8.588410000000001,68.0
1964,Switzerland,CHE,Neuenburg,48.84655,8.588410000000001,49.0
1965,Switzerland,CHE,Neuenburg,48.84655,8.588410000000001,130.0
1966,Switzerland,CHE,Neuenburg,48.84655,8.588410000000001,36.0
1967,Switzerland,CHE,Neuenburg,48.84655,8.588410000000001,15.0
1968,Switzerland,CHE,Neuenburg,48.84655,8.588410000000001,97.0
1969,Switzerland,CHE,Neuenburg,48.84655,8.588410000000001,55.0
1970,Switzerland,CHE,Neuenburg,48.84655,8.588410000000001,101.0
1971,Switzerland,CHE,Neuenburg,48.84655,8.588410000000001,30.0
1972,Switzerland,CHE,Neuenburg,48.84655,8.588410000000001,12.0
1973,Switzerland,CHE,Neuenburg,48.84655,8.588410000000001,39.0
1974,Switzerland,CHE,Neuenburg,48.84655,8.588410000000001,20.0
1975,Switzerland,CHE,Neuenburg,48.84655,8.588410000000001,14.0
1976,Switzerland,CHE,Neuenburg,48.84655,8.588410000000001,35.0
1977,Switzerland,CHE,Neuenburg,48.84655,8.588410000000001,49.0
1978,Switzerland,CHE,Neuenburg,48.84655,8.588410000000001,41.0
1979,Switzerland,CHE,Neuenburg,48.84655,8.588410000000001,57.0
1980,Switzerland,CHE,Neuenburg,48.84655,8.588410000000001,63.0
1981,Switzerland,CHE,Neuenburg,48.84655,8.588410000000001,95.0
1982,Switzerland,CHE,Neuenburg,48.84655,8.588410000000001,15.0
1983,Switzerland,CHE,Neuenburg,48.84655,8.588410000000001,32.0
1984,Switzerland,CHE,Neuenburg,48.84655,8.588410000000001,113.0
1985,Switzerland,CHE,Neuenburg,48.84655,8.588410000000001,87.0
1986,Switzerland,CHE,Neuenburg,48.84655,8.588410000000001,105.0
1987,Switzerland,CHE,Neuenburg,48.84655,8.588410000000001,54.0
1988,Switzerland,CHE,Neuenburg,48.84655,8.588410000000001,50.0
1989,Switzerland,CHE,Neuenburg,48.84655,8.588410000000001,3.0
1990,Switzerland,CHE,Neuenburg,48.84655,8.588410000000001,41.0
1991,Switzerland,CHE,Neuenburg,48.84655,8.588410000000001,24.0
1992,Switzerland,CHE,Neuenburg,48.84655,8.588410000000001,6.0
1993,Switzerland,CHE,Neuenburg,48.84655,8.588410000000001,17.0
1994,Switzerland,CHE,Neuenburg,48.84655,8.588410000000001,11.0
1995,Switzerland,CHE,Neuenburg,48.84655,8.588410000000001,68.0
1996,Switzerland,CHE,Neuenburg,48.84655,8.588410000000001,37.0
1997,Switzerland,CHE,Neuenburg,48.84655,8.588410000000001,23.0
1998,Switzerland,CHE,Neuenburg,48.84655,8.588410000000001,34.0
1999,Switzerland,CHE,Neuenburg,48.84655,8.588410000000001,76.0
2000,Switzerland,CHE,Neuenburg,48.84655,8.588410000000001,13.0
2001,Switzerland,CHE,Neuenburg,48.84655,8.588410000000001,21.0
2002,Switzerland,CHE,Neuenburg,48.84655,8.588410000000001,14.0
2003,Switzerland,CHE,Neuenburg,48.84655,8.588410000000001,38.0
2004,Switzerland,CHE,Neuenburg,48.84655,8.588410000000001,44.0
2005,Switzerland,CHE,Neuenburg,48.84655,8.588410000000001,80.0
2006,Switzerland,CHE,Neuenburg,48.84655,8.588410000000001,50.0
2007,Switzerland,CHE,Neuenburg,48.84655,8.588410000000001,9.0
2008,Switzerland,CHE,Neuenburg,48.84655,8.588410000000001,67.0
2009,Switzerland,CHE,Neuenburg,48.84655,8.588410000000001,53.0
2010,Switzerland,CHE,Neuenburg,48.84655,8.588410000000001,87.0
2011,Switzerland,CHE,Neuenburg,48.84655,8.588410000000001,14.0
2012,Switzerland,CHE,Neuenburg,48.84655,8.588410000000001,28.0
2013,Switzerland,CHE,Neuenburg,48.84655,8.588410000000001,37.0
2014,Switzerland,CHE,Neuenburg,48.84655,8.588410000000001,6.0
2015,Switzerland,CHE,Neuenburg,48.84655,8.588410000000001,21.0
2016,Switzerland,CHE,Neuenburg,48.84655,8.588410000000001,18.0
2017,Switzerland,CHE,Neuenburg,48.84655,8.588410000000001,44.0
2018,Switzerland,CHE,Neuenburg,48.84655,8.588410000000001,27.0
2019,Switzerland,CHE,Neuenburg,48.84655,8.588410000000001,23.0
1931,Switzerland,CHE,Säntis,47.256459,9.317421000000001,1343.0
1932,Switzerland,CHE,Säntis,47.256459,9.317421000000001,1875.0
1933,Switzerland,CHE,Säntis,47.256459,9.317421000000001,1996.0
1934,Switzerland,CHE,Säntis,47.256459,9.317421000000001,1214.0
1935,Switzerland,CHE,Säntis,47.256459,9.317421000000001,1748.0
1936,Switzerland,CHE,Säntis,47.256459,9.317421000000001,1334.0
1937,Switzerland,CHE,Säntis,47.256459,9.317421000000001,1122.0
1938,Switzerland,CHE,Säntis,47.256459,9.317421000000001,1075.0
1939,Switzerland,CHE,Säntis,47.256459,9.317421000000001,1531.0
1940,Switzerland,CHE,Säntis,47.256459,9.317421000000001,1257.0
1941,Switzerland,CHE,Säntis,47.256459,9.317421000000001,1096.0
1942,Switzerland,CHE,Säntis,47.256459,9.317421000000001,1113.0
1943,Switzerland,CHE,Säntis,47.256459,9.317421000000001,1096.0
1944,Switzerland,CHE,Säntis,47.256459,9.317421000000001,1195.0
1945,Switzerland,CHE,Säntis,47.256459,9.317421000000001,1272.0
1946,Switzerland,CHE,Säntis,47.256459,9.317421000000001,949.0
1947,Switzerland,CHE,Säntis,47.256459,9.317421000000001,757.0
1948,Switzerland,CHE,Säntis,47.256459,9.317421000000001,1254.0
1949,Switzerland,CHE,Säntis,47.256459,9.317421000000001,988.0
1950,Switzerland,CHE,Säntis,47.256459,9.317421000000001,1300.0
1951,Switzerland,CHE,Säntis,47.256459,9.317421000000001,1398.0
1952,Switzerland,CHE,Säntis,47.256459,9.317421000000001,1819.0
1953,Switzerland,CHE,Säntis,47.256459,9.317421000000001,909.0
1954,Switzerland,CHE,Säntis,47.256459,9.317421000000001,1392.0
1955,Switzerland,CHE,Säntis,47.256459,9.317421000000001,1578.0
1956,Switzerland,CHE,Säntis,47.256459,9.317421000000001,1490.0
1957,Switzerland,CHE,Säntis,47.256459,9.317421000000001,1291.0
1958,Switzerland,CHE,Säntis,47.256459,9.317421000000001,2684.0
1959,Switzerland,CHE,Säntis,47.256459,9.317421000000001,1366.0
1960,Switzerland,CHE,Säntis,47.256459,9.317421000000001,1594.0
1961,Switzerland,CHE,Säntis,47.256459,9.317421000000001,1572.0
1962,Switzerland,CHE,Säntis,47.256459,9.317421000000001,2224.0
1963,Switzerland,CHE,Säntis,47.256459,9.317421000000001,1175.0
1964,Switzerland,CHE,Säntis,47.256459,9.317421000000001,1463.0
1965,Switzerland,CHE,Säntis,47.256459,9.317421000000001,2469.0
1966,Switzerland,CHE,Säntis,47.256459,9.317421000000001,2048.0
1967,Switzerland,CHE,Säntis,47.256459,9.317421000000001,1656.0
1968,Switzerland,CHE,Säntis,47.256459,9.317421000000001,1558.0
1969,Switzerland,CHE,Säntis,47.256459,9.317421000000001,1524.0
1970,Switzerland,CHE,Säntis,47.256459,9.317421000000001,1800.0
1971,Switzerland,CHE,Säntis,47.256459,9.317421000000001,835.0
1972,Switzerland,CHE,Säntis,47.256459,9.317421000000001,909.0
1973,Switzerland,CHE,Säntis,47.256459,9.317421000000001,1657.0
1974,Switzerland,CHE,Säntis,47.256459,9.317421000000001,1310.0
1975,Switzerland,CHE,Säntis,47.256459,9.317421000000001,922.0
1976,Switzerland,CHE,Säntis,47.256459,9.317421000000001,953.0
1977,Switzerland,CHE,Säntis,47.256459,9.317421000000001,1154.0
1978,Switzerland,CHE,Säntis,47.256459,9.317421000000001,1327.0
1979,Switzerland,CHE,Säntis,47.256459,9.317421000000001,1401.0
1980,Switzerland,CHE,Säntis,47.256459,9.317421000000001,1545.0
1981,Switzerland,CHE,Säntis,47.256459,9.317421000000001,1494.0
1982,Switzerland,CHE,Säntis,47.256459,9.317421000000001,883.0
1983,Switzerland,CHE,Säntis,47.256459,9.317421000000001,1068.0
1984,Switzerland,CHE,Säntis,47.256459,9.317421000000001,1162.0
1985,Switzerland,CHE,Säntis,47.256459,9.317421000000001,1103.0
1986,Switzerland,CHE,Säntis,47.256459,9.317421000000001,1235.0
1987,Switzerland,CHE,Säntis,47.256459,9.317421000000001,1051.0
1988,Switzerland,CHE,Säntis,47.256459,9.317421000000001,1584.0
1989,Switzerland,CHE,Säntis,47.256459,9.317421000000001,795.0
1990,Switzerland,CHE,Säntis,47.256459,9.317421000000001,1131.0
1991,Switzerland,CHE,Säntis,47.256459,9.317421000000001,1178.0
1992,Switzerland,CHE,Säntis,47.256459,9.317421000000001,1118.0
1993,Switzerland,CHE,Säntis,47.256459,9.317421000000001,1085.0
1994,Switzerland,CHE,Säntis,47.256459,9.317421000000001,1037.0
1995,Switzerland,CHE,Säntis,47.256459,9.317421000000001,1702.0
1996,Switzerland,CHE,Säntis,47.256459,9.317421000000001,1174.0
1997,Switzerland,CHE,Säntis,47.256459,9.317421000000001,1075.0
1998,Switzerland,CHE,Säntis,47.256459,9.317421000000001,1336.0
1999,Switzerland,CHE,Säntis,47.256459,9.317421000000001,1534.0
2000,Switzerland,CHE,Säntis,47.256459,9.317421000000001,1251.0
2001,Switzerland,CHE,Säntis,47.256459,9.317421000000001,1371.0
2002,Switzerland,CHE,Säntis,47.256459,9.317421000000001,976.0
2003,Switzerland,CHE,Säntis,47.256459,9.317421000000001,920.0
2004,Switzerland,CHE,Säntis,47.256459,9.317421000000001,942.0
2005,Switzerland,CHE,Säntis,47.256459,9.317421000000001,1118.0
2006,Switzerland,CHE,Säntis,47.256459,9.317421000000001,655.0
2007,Switzerland,CHE,Säntis,47.256459,9.317421000000001,948.0
2008,Switzerland,CHE,Säntis,47.256459,9.317421000000001,879.0
2009,Switzerland,CHE,Säntis,47.256459,9.317421000000001,879.0
2010,Switzerland,CHE,Säntis,47.256459,9.317421000000001,748.0
2011,Switzerland,CHE,Säntis,47.256459,9.317421000000001,703.0
2012,Switzerland,CHE,Säntis,47.256459,9.317421000000001,844.0
2013,Switzerland,CHE,Säntis,47.256459,9.317421000000001,773.0
2014,Switzerland,CHE,Säntis,47.256459,9.317421000000001,627.0
2015,Switzerland,CHE,Säntis,47.256459,9.317421000000001,648.0
2016,Switzerland,CHE,Säntis,47.256459,9.317421000000001,745.0
2017,Switzerland,CHE,Säntis,47.256459,9.317421000000001,1128.0
2018,Switzerland,CHE,Säntis,47.256459,9.317421000000001,674.0
2019,Switzerland,CHE,Säntis,47.256459,9.317421000000001,1283.0
1931,Switzerland,CHE,Samedan,46.438365000000005,9.870266,
1932,Switzerland,CHE,Samedan,46.438365000000005,9.870266,
1933,Switzerland,CHE,Samedan,46.438365000000005,9.870266,
1934,Switzerland,CHE,Samedan,46.438365000000005,9.870266,
1935,Switzerland,CHE,Samedan,46.438365000000005,9.870266,
1936,Switzerland,CHE,Samedan,46.438365000000005,9.870266,
1937,Switzerland,CHE,Samedan,46.438365000000005,9.870266,
1938,Switzerland,CHE,Samedan,46.438365000000005,9.870266,
1939,Switzerland,CHE,Samedan,46.438365000000005,9.870266,
1940,Switzerland,CHE,Samedan,46.438365000000005,9.870266,
1941,Switzerland,CHE,Samedan,46.438365000000005,9.870266,
1942,Switzerland,CHE,Samedan,46.438365000000005,9.870266,
1943,Switzerland,CHE,Samedan,46.438365000000005,9.870266,
1944,Switzerland,CHE,Samedan,46.438365000000005,9.870266,
1945,Switzerland,CHE,Samedan,46.438365000000005,9.870266,
1946,Switzerland,CHE,Samedan,46.438365000000005,9.870266,
1947,Switzerland,CHE,Samedan,46.438365000000005,9.870266,
1948,Switzerland,CHE,Samedan,46.438365000000005,9.870266,
1949,Switzerland,CHE,Samedan,46.438365000000005,9.870266,
1950,Switzerland,CHE,Samedan,46.438365000000005,9.870266,
1951,Switzerland,CHE,Samedan,46.438365000000005,9.870266,
1952,Switzerland,CHE,Samedan,46.438365000000005,9.870266,
1953,Switzerland,CHE,Samedan,46.438365000000005,9.870266,
1954,Switzerland,CHE,Samedan,46.438365000000005,9.870266,
1955,Switzerland,CHE,Samedan,46.438365000000005,9.870266,
1956,Switzerland,CHE,Samedan,46.438365000000005,9.870266,
1957,Switzerland,CHE,Samedan,46.438365000000005,9.870266,
1958,Switzerland,CHE,Samedan,46.438365000000005,9.870266,
1959,Switzerland,CHE,Samedan,46.438365000000005,9.870266,
1960,Switzerland,CHE,Samedan,46.438365000000005,9.870266,
1961,Switzerland,CHE,Samedan,46.438365000000005,9.870266,
1962,Switzerland,CHE,Samedan,46.438365000000005,9.870266,
1963,Switzerland,CHE,Samedan,46.438365000000005,9.870266,
1964,Switzerland,CHE,Samedan,46.438365000000005,9.870266,
1965,Switzerland,CHE,Samedan,46.438365000000005,9.870266,
1966,Switzerland,CHE,Samedan,46.438365000000005,9.870266,
1967,Switzerland,CHE,Samedan,46.438365000000005,9.870266,
1968,Switzerland,CHE,Samedan,46.438365000000005,9.870266,
1969,Switzerland,CHE,Samedan,46.438365000000005,9.870266,
1970,Switzerland,CHE,Samedan,46.438365000000005,9.870266,
1971,Switzerland,CHE,Samedan,46.438365000000005,9.870266,
1972,Switzerland,CHE,Samedan,46.438365000000005,9.870266,
1973,Switzerland,CHE,Samedan,46.438365000000005,9.870266,
1974,Switzerland,CHE,Samedan,46.438365000000005,9.870266,
1975,Switzerland,CHE,Samedan,46.438365000000005,9.870266,
1976,Switzerland,CHE,Samedan,46.438365000000005,9.870266,
1977,Switzerland,CHE,Samedan,46.438365000000005,9.870266,
1978,Switzerland,CHE,Samedan,46.438365000000005,9.870266,
1979,Switzerland,CHE,Samedan,46.438365000000005,9.870266,
1980,Switzerland,CHE,Samedan,46.438365000000005,9.870266,257.0
1981,Switzerland,CHE,Samedan,46.438365000000005,9.870266,451.0
1982,Switzerland,CHE,Samedan,46.438365000000005,9.870266,256.0
1983,Switzerland,CHE,Samedan,46.438365000000005,9.870266,326.0
1984,Switzerland,CHE,Samedan,46.438365000000005,9.870266,311.0
1985,Switzerland,CHE,Samedan,46.438365000000005,9.870266,298.0
1986,Switzerland,CHE,Samedan,46.438365000000005,9.870266,284.0
1987,Switzerland,CHE,Samedan,46.438365000000005,9.870266,198.0
1988,Switzerland,CHE,Samedan,46.438365000000005,9.870266,189.0
1989,Switzerland,CHE,Samedan,46.438365000000005,9.870266,191.0
1990,Switzerland,CHE,Samedan,46.438365000000005,9.870266,278.0
1991,Switzerland,CHE,Samedan,46.438365000000005,9.870266,258.0
1992,Switzerland,CHE,Samedan,46.438365000000005,9.870266,189.0
1993,Switzerland,CHE,Samedan,46.438365000000005,9.870266,129.0
1994,Switzerland,CHE,Samedan,46.438365000000005,9.870266,160.0
1995,Switzerland,CHE,Samedan,46.438365000000005,9.870266,232.0
1996,Switzerland,CHE,Samedan,46.438365000000005,9.870266,258.0
1997,Switzerland,CHE,Samedan,46.438365000000005,9.870266,277.0
1998,Switzerland,CHE,Samedan,46.438365000000005,9.870266,141.0
1999,Switzerland,CHE,Samedan,46.438365000000005,9.870266,353.0
2000,Switzerland,CHE,Samedan,46.438365000000005,9.870266,296.0
2001,Switzerland,CHE,Samedan,46.438365000000005,9.870266,392.0
2002,Switzerland,CHE,Samedan,46.438365000000005,9.870266,259.0
2003,Switzerland,CHE,Samedan,46.438365000000005,9.870266,186.0
2004,Switzerland,CHE,Samedan,46.438365000000005,9.870266,246.0
2005,Switzerland,CHE,Samedan,46.438365000000005,9.870266,149.0
2006,Switzerland,CHE,Samedan,46.438365000000005,9.870266,126.0
2007,Switzerland,CHE,Samedan,46.438365000000005,9.870266,241.0
2008,Switzerland,CHE,Samedan,46.438365000000005,9.870266,368.0
2009,Switzerland,CHE,Samedan,46.438365000000005,9.870266,338.0
2010,Switzerland,CHE,Samedan,46.438365000000005,9.870266,240.0
2011,Switzerland,CHE,Samedan,46.438365000000005,9.870266,198.0
2012,Switzerland,CHE,Samedan,46.438365000000005,9.870266,315.0
2013,Switzerland,CHE,Samedan,46.438365000000005,9.870266,298.0
2014,Switzerland,CHE,Samedan,46.438365000000005,9.870266,403.0
2015,Switzerland,CHE,Samedan,46.438365000000005,9.870266,153.0
2016,Switzerland,CHE,Samedan,46.438365000000005,9.870266,213.0
2017,Switzerland,CHE,Samedan,46.438365000000005,9.870266,244.0
2018,Switzerland,CHE,Samedan,46.438365000000005,9.870266,320.0
2019,Switzerland,CHE,Samedan,46.438365000000005,9.870266,393.0
1931,Switzerland,CHE,Sitten,46.2276,7.3599429999999995,
1932,Switzerland,CHE,Sitten,46.2276,7.3599429999999995,
1933,Switzerland,CHE,Sitten,46.2276,7.3599429999999995,
1934,Switzerland,CHE,Sitten,46.2276,7.3599429999999995,
1935,Switzerland,CHE,Sitten,46.2276,7.3599429999999995,
1936,Switzerland,CHE,Sitten,46.2276,7.3599429999999995,
1937,Switzerland,CHE,Sitten,46.2276,7.3599429999999995,
1938,Switzerland,CHE,Sitten,46.2276,7.3599429999999995,
1939,Switzerland,CHE,Sitten,46.2276,7.3599429999999995,
1940,Switzerland,CHE,Sitten,46.2276,7.3599429999999995,
1941,Switzerland,CHE,Sitten,46.2276,7.3599429999999995,
1942,Switzerland,CHE,Sitten,46.2276,7.3599429999999995,
1943,Switzerland,CHE,Sitten,46.2276,7.3599429999999995,
1944,Switzerland,CHE,Sitten,46.2276,7.3599429999999995,
1945,Switzerland,CHE,Sitten,46.2276,7.3599429999999995,
1946,Switzerland,CHE,Sitten,46.2276,7.3599429999999995,
1947,Switzerland,CHE,Sitten,46.2276,7.3599429999999995,
1948,Switzerland,CHE,Sitten,46.2276,7.3599429999999995,
1949,Switzerland,CHE,Sitten,46.2276,7.3599429999999995,
1950,Switzerland,CHE,Sitten,46.2276,7.3599429999999995,
1951,Switzerland,CHE,Sitten,46.2276,7.3599429999999995,
1952,Switzerland,CHE,Sitten,46.2276,7.3599429999999995,
1953,Switzerland,CHE,Sitten,46.2276,7.3599429999999995,
1954,Switzerland,CHE,Sitten,46.2276,7.3599429999999995,
1955,Switzerland,CHE,Sitten,46.2276,7.3599429999999995,
1956,Switzerland,CHE,Sitten,46.2276,7.3599429999999995,
1957,Switzerland,CHE,Sitten,46.2276,7.3599429999999995,
1958,Switzerland,CHE,Sitten,46.2276,7.3599429999999995,
1959,Switzerland,CHE,Sitten,46.2276,7.3599429999999995,
1960,Switzerland,CHE,Sitten,46.2276,7.3599429999999995,
1961,Switzerland,CHE,Sitten,46.2276,7.3599429999999995,
1962,Switzerland,CHE,Sitten,46.2276,7.3599429999999995,
1963,Switzerland,CHE,Sitten,46.2276,7.3599429999999995,
1964,Switzerland,CHE,Sitten,46.2276,7.3599429999999995,
1965,Switzerland,CHE,Sitten,46.2276,7.3599429999999995,
1966,Switzerland,CHE,Sitten,46.2276,7.3599429999999995,
1967,Switzerland,CHE,Sitten,46.2276,7.3599429999999995,
1968,Switzerland,CHE,Sitten,46.2276,7.3599429999999995,
1969,Switzerland,CHE,Sitten,46.2276,7.3599429999999995,
1970,Switzerland,CHE,Sitten,46.2276,7.3599429999999995,
1971,Switzerland,CHE,Sitten,46.2276,7.3599429999999995,
1972,Switzerland,CHE,Sitten,46.2276,7.3599429999999995,
1973,Switzerland,CHE,Sitten,46.2276,7.3599429999999995,
1974,Switzerland,CHE,Sitten,46.2276,7.3599429999999995,
1975,Switzerland,CHE,Sitten,46.2276,7.3599429999999995,
1976,Switzerland,CHE,Sitten,46.2276,7.3599429999999995,
1977,Switzerland,CHE,Sitten,46.2276,7.3599429999999995,
1978,Switzerland,CHE,Sitten,46.2276,7.3599429999999995,75.0
1979,Switzerland,CHE,Sitten,46.2276,7.3599429999999995,52.0
1980,Switzerland,CHE,Sitten,46.2276,7.3599429999999995,77.0
1981,Switzerland,CHE,Sitten,46.2276,7.3599429999999995,121.0
1982,Switzerland,CHE,Sitten,46.2276,7.3599429999999995,22.0
1983,Switzerland,CHE,Sitten,46.2276,7.3599429999999995,55.0
1984,Switzerland,CHE,Sitten,46.2276,7.3599429999999995,81.0
1985,Switzerland,CHE,Sitten,46.2276,7.3599429999999995,68.0
1986,Switzerland,CHE,Sitten,46.2276,7.3599429999999995,100.0
1987,Switzerland,CHE,Sitten,46.2276,7.3599429999999995,28.0
1988,Switzerland,CHE,Sitten,46.2276,7.3599429999999995,10.0
1989,Switzerland,CHE,Sitten,46.2276,7.3599429999999995,14.0
1990,Switzerland,CHE,Sitten,46.2276,7.3599429999999995,37.0
1991,Switzerland,CHE,Sitten,46.2276,7.3599429999999995,48.0
1992,Switzerland,CHE,Sitten,46.2276,7.3599429999999995,23.0
1993,Switzerland,CHE,Sitten,46.2276,7.3599429999999995,16.0
1994,Switzerland,CHE,Sitten,46.2276,7.3599429999999995,6.0
1995,Switzerland,CHE,Sitten,46.2276,7.3599429999999995,34.0
1996,Switzerland,CHE,Sitten,46.2276,7.3599429999999995,113.0
1997,Switzerland,CHE,Sitten,46.2276,7.3599429999999995,0.0
1998,Switzerland,CHE,Sitten,46.2276,7.3599429999999995,27.0
1999,Switzerland,CHE,Sitten,46.2276,7.3599429999999995,139.0
2000,Switzerland,CHE,Sitten,46.2276,7.3599429999999995,9.0
2001,Switzerland,CHE,Sitten,46.2276,7.3599429999999995,33.0
2002,Switzerland,CHE,Sitten,46.2276,7.3599429999999995,2.0
2003,Switzerland,CHE,Sitten,46.2276,7.3599429999999995,9.0
2004,Switzerland,CHE,Sitten,46.2276,7.3599429999999995,45.0
2005,Switzerland,CHE,Sitten,46.2276,7.3599429999999995,75.0
2006,Switzerland,CHE,Sitten,46.2276,7.3599429999999995,28.0
2007,Switzerland,CHE,Sitten,46.2276,7.3599429999999995,4.0
2008,Switzerland,CHE,Sitten,46.2276,7.3599429999999995,80.0
2009,Switzerland,CHE,Sitten,46.2276,7.3599429999999995,58.0
2010,Switzerland,CHE,Sitten,46.2276,7.3599429999999995,48.0
2011,Switzerland,CHE,Sitten,46.2276,7.3599429999999995,55.0
2012,Switzerland,CHE,Sitten,46.2276,7.3599429999999995,115.0
2013,Switzerland,CHE,Sitten,46.2276,7.3599429999999995,32.0
2014,Switzerland,CHE,Sitten,46.2276,7.3599429999999995,37.0
2015,Switzerland,CHE,Sitten,46.2276,7.3599429999999995,41.0
2016,Switzerland,CHE,Sitten,46.2276,7.3599429999999995,36.0
2017,Switzerland,CHE,Sitten,46.2276,7.3599429999999995,89.0
2018,Switzerland,CHE,Sitten,46.2276,7.3599429999999995,30.0
2019,Switzerland,CHE,Sitten,46.2276,7.3599429999999995,39.0
1931,Switzerland,CHE,St. Gallen,47.424479999999996,9.376717,
1932,Switzerland,CHE,St. Gallen,47.424479999999996,9.376717,
1933,Switzerland,CHE,St. Gallen,47.424479999999996,9.376717,
1934,Switzerland,CHE,St. Gallen,47.424479999999996,9.376717,
1935,Switzerland,CHE,St. Gallen,47.424479999999996,9.376717,
1936,Switzerland,CHE,St. Gallen,47.424479999999996,9.376717,
1937,Switzerland,CHE,St. Gallen,47.424479999999996,9.376717,
1938,Switzerland,CHE,St. Gallen,47.424479999999996,9.376717,204.0
1939,Switzerland,CHE,St. Gallen,47.424479999999996,9.376717,208.0
1940,Switzerland,CHE,St. Gallen,47.424479999999996,9.376717,234.0
1941,Switzerland,CHE,St. Gallen,47.424479999999996,9.376717,255.0
1942,Switzerland,CHE,St. Gallen,47.424479999999996,9.376717,241.0
1943,Switzerland,CHE,St. Gallen,47.424479999999996,9.376717,117.0
1944,Switzerland,CHE,St. Gallen,47.424479999999996,9.376717,323.0
1945,Switzerland,CHE,St. Gallen,47.424479999999996,9.376717,255.0
1946,Switzerland,CHE,St. Gallen,47.424479999999996,9.376717,106.0
1947,Switzerland,CHE,St. Gallen,47.424479999999996,9.376717,222.0
1948,Switzerland,CHE,St. Gallen,47.424479999999996,9.376717,52.0
1949,Switzerland,CHE,St. Gallen,47.424479999999996,9.376717,143.0
1950,Switzerland,CHE,St. Gallen,47.424479999999996,9.376717,143.0
1951,Switzerland,CHE,St. Gallen,47.424479999999996,9.376717,111.0
1952,Switzerland,CHE,St. Gallen,47.424479999999996,9.376717,259.0
1953,Switzerland,CHE,St. Gallen,47.424479999999996,9.376717,142.0
1954,Switzerland,CHE,St. Gallen,47.424479999999996,9.376717,157.0
1955,Switzerland,CHE,St. Gallen,47.424479999999996,9.376717,180.0
1956,Switzerland,CHE,St. Gallen,47.424479999999996,9.376717,214.0
1957,Switzerland,CHE,St. Gallen,47.424479999999996,9.376717,87.0
1958,Switzerland,CHE,St. Gallen,47.424479999999996,9.376717,253.0
1959,Switzerland,CHE,St. Gallen,47.424479999999996,9.376717,94.0
1960,Switzerland,CHE,St. Gallen,47.424479999999996,9.376717,113.0
1961,Switzerland,CHE,St. Gallen,47.424479999999996,9.376717,76.0
1962,Switzerland,CHE,St. Gallen,47.424479999999996,9.376717,271.0
1963,Switzerland,CHE,St. Gallen,47.424479999999996,9.376717,226.0
1964,Switzerland,CHE,St. Gallen,47.424479999999996,9.376717,238.0
1965,Switzerland,CHE,St. Gallen,47.424479999999996,9.376717,313.0
1966,Switzerland,CHE,St. Gallen,47.424479999999996,9.376717,271.0
1967,Switzerland,CHE,St. Gallen,47.424479999999996,9.376717,181.0
1968,Switzerland,CHE,St. Gallen,47.424479999999996,9.376717,340.0
1969,Switzerland,CHE,St. Gallen,47.424479999999996,9.376717,283.0
1970,Switzerland,CHE,St. Gallen,47.424479999999996,9.376717,333.0
1971,Switzerland,CHE,St. Gallen,47.424479999999996,9.376717,142.0
1972,Switzerland,CHE,St. Gallen,47.424479999999996,9.376717,59.0
1973,Switzerland,CHE,St. Gallen,47.424479999999996,9.376717,252.0
1974,Switzerland,CHE,St. Gallen,47.424479999999996,9.376717,132.0
1975,Switzerland,CHE,St. Gallen,47.424479999999996,9.376717,144.0
1976,Switzerland,CHE,St. Gallen,47.424479999999996,9.376717,213.0
1977,Switzerland,CHE,St. Gallen,47.424479999999996,9.376717,215.0
1978,Switzerland,CHE,St. Gallen,47.424479999999996,9.376717,222.0
1979,Switzerland,CHE,St. Gallen,47.424479999999996,9.376717,218.0
1980,Switzerland,CHE,St. Gallen,47.424479999999996,9.376717,200.0
1981,Switzerland,CHE,St. Gallen,47.424479999999996,9.376717,287.0
1982,Switzerland,CHE,St. Gallen,47.424479999999996,9.376717,187.0
1983,Switzerland,CHE,St. Gallen,47.424479999999996,9.376717,222.0
1984,Switzerland,CHE,St. Gallen,47.424479999999996,9.376717,257.0
1985,Switzerland,CHE,St. Gallen,47.424479999999996,9.376717,267.0
1986,Switzerland,CHE,St. Gallen,47.424479999999996,9.376717,312.0
1987,Switzerland,CHE,St. Gallen,47.424479999999996,9.376717,210.0
1988,Switzerland,CHE,St. Gallen,47.424479999999996,9.376717,295.0
1989,Switzerland,CHE,St. Gallen,47.424479999999996,9.376717,31.0
1990,Switzerland,CHE,St. Gallen,47.424479999999996,9.376717,134.0
1991,Switzerland,CHE,St. Gallen,47.424479999999996,9.376717,155.0
1992,Switzerland,CHE,St. Gallen,47.424479999999996,9.376717,89.0
1993,Switzerland,CHE,St. Gallen,47.424479999999996,9.376717,139.0
1994,Switzerland,CHE,St. Gallen,47.424479999999996,9.376717,125.0
1995,Switzerland,CHE,St. Gallen,47.424479999999996,9.376717,274.0
1996,Switzerland,CHE,St. Gallen,47.424479999999996,9.376717,213.0
1997,Switzerland,CHE,St. Gallen,47.424479999999996,9.376717,60.0
1998,Switzerland,CHE,St. Gallen,47.424479999999996,9.376717,135.0
1999,Switzerland,CHE,St. Gallen,47.424479999999996,9.376717,436.0
2000,Switzerland,CHE,St. Gallen,47.424479999999996,9.376717,83.0
2001,Switzerland,CHE,St. Gallen,47.424479999999996,9.376717,177.0
2002,Switzerland,CHE,St. Gallen,47.424479999999996,9.376717,36.0
2003,Switzerland,CHE,St. Gallen,47.424479999999996,9.376717,187.0
2004,Switzerland,CHE,St. Gallen,47.424479999999996,9.376717,291.0
2005,Switzerland,CHE,St. Gallen,47.424479999999996,9.376717,264.0
2006,Switzerland,CHE,St. Gallen,47.424479999999996,9.376717,173.0
2007,Switzerland,CHE,St. Gallen,47.424479999999996,9.376717,159.0
2008,Switzerland,CHE,St. Gallen,47.424479999999996,9.376717,159.0
2009,Switzerland,CHE,St. Gallen,47.424479999999996,9.376717,241.0
2010,Switzerland,CHE,St. Gallen,47.424479999999996,9.376717,303.0
2011,Switzerland,CHE,St. Gallen,47.424479999999996,9.376717,102.0
2012,Switzerland,CHE,St. Gallen,47.424479999999996,9.376717,291.0
2013,Switzerland,CHE,St. Gallen,47.424479999999996,9.376717,277.0
2014,Switzerland,CHE,St. Gallen,47.424479999999996,9.376717,134.0
2015,Switzerland,CHE,St. Gallen,47.424479999999996,9.376717,130.0
2016,Switzerland,CHE,St. Gallen,47.424479999999996,9.376717,128.0
2017,Switzerland,CHE,St. Gallen,47.424479999999996,9.376717,188.0
2018,Switzerland,CHE,St. Gallen,47.424479999999996,9.376717,60.0
2019,Switzerland,CHE,St. Gallen,47.424479999999996,9.376717,225.0
1931,Switzerland,CHE,Zürich-Fluntern,47.382096999999995,8.566803,181.0
1932,Switzerland,CHE,Zürich-Fluntern,47.382096999999995,8.566803,63.0
1933,Switzerland,CHE,Zürich-Fluntern,47.382096999999995,8.566803,52.0
1934,Switzerland,CHE,Zürich-Fluntern,47.382096999999995,8.566803,42.0
1935,Switzerland,CHE,Zürich-Fluntern,47.382096999999995,8.566803,112.0
1936,Switzerland,CHE,Zürich-Fluntern,47.382096999999995,8.566803,25.0
1937,Switzerland,CHE,Zürich-Fluntern,47.382096999999995,8.566803,35.0
1938,Switzerland,CHE,Zürich-Fluntern,47.382096999999995,8.566803,110.0
1939,Switzerland,CHE,Zürich-Fluntern,47.382096999999995,8.566803,99.0
1940,Switzerland,CHE,Zürich-Fluntern,47.382096999999995,8.566803,118.0
1941,Switzerland,CHE,Zürich-Fluntern,47.382096999999995,8.566803,120.0
1942,Switzerland,CHE,Zürich-Fluntern,47.382096999999995,8.566803,162.0
1943,Switzerland,CHE,Zürich-Fluntern,47.382096999999995,8.566803,61.0
1944,Switzerland,CHE,Zürich-Fluntern,47.382096999999995,8.566803,138.0
1945,Switzerland,CHE,Zürich-Fluntern,47.382096999999995,8.566803,118.0
1946,Switzerland,CHE,Zürich-Fluntern,47.382096999999995,8.566803,50.0
1947,Switzerland,CHE,Zürich-Fluntern,47.382096999999995,8.566803,143.0
1948,Switzerland,CHE,Zürich-Fluntern,47.382096999999995,8.566803,9.0
1949,Switzerland,CHE,Zürich-Fluntern,47.382096999999995,8.566803,51.0
1950,Switzerland,CHE,Zürich-Fluntern,47.382096999999995,8.566803,65.0
1951,Switzerland,CHE,Zürich-Fluntern,47.382096999999995,8.566803,48.0
1952,Switzerland,CHE,Zürich-Fluntern,47.382096999999995,8.566803,220.0
1953,Switzerland,CHE,Zürich-Fluntern,47.382096999999995,8.566803,114.0
1954,Switzerland,CHE,Zürich-Fluntern,47.382096999999995,8.566803,104.0
1955,Switzerland,CHE,Zürich-Fluntern,47.382096999999995,8.566803,89.0
1956,Switzerland,CHE,Zürich-Fluntern,47.382096999999995,8.566803,74.0
1957,Switzerland,CHE,Zürich-Fluntern,47.382096999999995,8.566803,57.0
1958,Switzerland,CHE,Zürich-Fluntern,47.382096999999995,8.566803,132.0
1959,Switzerland,CHE,Zürich-Fluntern,47.382096999999995,8.566803,60.0
1960,Switzerland,CHE,Zürich-Fluntern,47.382096999999995,8.566803,74.0
1961,Switzerland,CHE,Zürich-Fluntern,47.382096999999995,8.566803,49.0
1962,Switzerland,CHE,Zürich-Fluntern,47.382096999999995,8.566803,183.0
1963,Switzerland,CHE,Zürich-Fluntern,47.382096999999995,8.566803,102.0
1964,Switzerland,CHE,Zürich-Fluntern,47.382096999999995,8.566803,119.0
1965,Switzerland,CHE,Zürich-Fluntern,47.382096999999995,8.566803,177.0
1966,Switzerland,CHE,Zürich-Fluntern,47.382096999999995,8.566803,164.0
1967,Switzerland,CHE,Zürich-Fluntern,47.382096999999995,8.566803,75.0
1968,Switzerland,CHE,Zürich-Fluntern,47.382096999999995,8.566803,196.0
1969,Switzerland,CHE,Zürich-Fluntern,47.382096999999995,8.566803,185.0
1970,Switzerland,CHE,Zürich-Fluntern,47.382096999999995,8.566803,205.0
1971,Switzerland,CHE,Zürich-Fluntern,47.382096999999995,8.566803,59.0
1972,Switzerland,CHE,Zürich-Fluntern,47.382096999999995,8.566803,38.0
1973,Switzerland,CHE,Zürich-Fluntern,47.382096999999995,8.566803,156.0
1974,Switzerland,CHE,Zürich-Fluntern,47.382096999999995,8.566803,61.0
1975,Switzerland,CHE,Zürich-Fluntern,47.382096999999995,8.566803,78.0
1976,Switzerland,CHE,Zürich-Fluntern,47.382096999999995,8.566803,98.0
1977,Switzerland,CHE,Zürich-Fluntern,47.382096999999995,8.566803,102.0
1978,Switzerland,CHE,Zürich-Fluntern,47.382096999999995,8.566803,96.0
1979,Switzerland,CHE,Zürich-Fluntern,47.382096999999995,8.566803,167.0
1980,Switzerland,CHE,Zürich-Fluntern,47.382096999999995,8.566803,103.0
1981,Switzerland,CHE,Zürich-Fluntern,47.382096999999995,8.566803,137.0
1982,Switzerland,CHE,Zürich-Fluntern,47.382096999999995,8.566803,59.0
1983,Switzerland,CHE,Zürich-Fluntern,47.382096999999995,8.566803,64.0
1984,Switzerland,CHE,Zürich-Fluntern,47.382096999999995,8.566803,92.0
1985,Switzerland,CHE,Zürich-Fluntern,47.382096999999995,8.566803,152.0
1986,Switzerland,CHE,Zürich-Fluntern,47.382096999999995,8.566803,177.0
1987,Switzerland,CHE,Zürich-Fluntern,47.382096999999995,8.566803,92.0
1988,Switzerland,CHE,Zürich-Fluntern,47.382096999999995,8.566803,100.0
1989,Switzerland,CHE,Zürich-Fluntern,47.382096999999995,8.566803,7.0
1990,Switzerland,CHE,Zürich-Fluntern,47.382096999999995,8.566803,79.0
1991,Switzerland,CHE,Zürich-Fluntern,47.382096999999995,8.566803,44.0
1992,Switzerland,CHE,Zürich-Fluntern,47.382096999999995,8.566803,31.0
1993,Switzerland,CHE,Zürich-Fluntern,47.382096999999995,8.566803,43.0
1994,Switzerland,CHE,Zürich-Fluntern,47.382096999999995,8.566803,22.0
1995,Switzerland,CHE,Zürich-Fluntern,47.382096999999995,8.566803,112.0
1996,Switzerland,CHE,Zürich-Fluntern,47.382096999999995,8.566803,92.0
1997,Switzerland,CHE,Zürich-Fluntern,47.382096999999995,8.566803,31.0
1998,Switzerland,CHE,Zürich-Fluntern,47.382096999999995,8.566803,61.0
1999,Switzerland,CHE,Zürich-Fluntern,47.382096999999995,8.566803,190.0
2000,Switzerland,CHE,Zürich-Fluntern,47.382096999999995,8.566803,38.0
2001,Switzerland,CHE,Zürich-Fluntern,47.382096999999995,8.566803,67.0
2002,Switzerland,CHE,Zürich-Fluntern,47.382096999999995,8.566803,11.0
2003,Switzerland,CHE,Zürich-Fluntern,47.382096999999995,8.566803,75.0
2004,Switzerland,CHE,Zürich-Fluntern,47.382096999999995,8.566803,105.0
2005,Switzerland,CHE,Zürich-Fluntern,47.382096999999995,8.566803,133.0
2006,Switzerland,CHE,Zürich-Fluntern,47.382096999999995,8.566803,124.0
2007,Switzerland,CHE,Zürich-Fluntern,47.382096999999995,8.566803,59.0
2008,Switzerland,CHE,Zürich-Fluntern,47.382096999999995,8.566803,105.0
2009,Switzerland,CHE,Zürich-Fluntern,47.382096999999995,8.566803,87.0
2010,Switzerland,CHE,Zürich-Fluntern,47.382096999999995,8.566803,163.0
2011,Switzerland,CHE,Zürich-Fluntern,47.382096999999995,8.566803,29.0
2012,Switzerland,CHE,Zürich-Fluntern,47.382096999999995,8.566803,133.0
2013,Switzerland,CHE,Zürich-Fluntern,47.382096999999995,8.566803,118.0
2014,Switzerland,CHE,Zürich-Fluntern,47.382096999999995,8.566803,47.0
2015,Switzerland,CHE,Zürich-Fluntern,47.382096999999995,8.566803,62.0
2016,Switzerland,CHE,Zürich-Fluntern,47.382096999999995,8.566803,38.0
2017,Switzerland,CHE,Zürich-Fluntern,47.382096999999995,8.566803,50.0
2018,Switzerland,CHE,Zürich-Fluntern,47.382096999999995,8.566803,16.0
2019,Switzerland,CHE,Zürich-Fluntern,47.382096999999995,8.566803,35.0
